{"ConfiguredLists":[{"ListType":"Blacklist","RelativeListPath":"\/default\/adult_abortion\/rules.txt"},{"ListType":"Blacklist","RelativeListPath":"\/default\/adult_child_inappropriate\/rules.txt"},{"ListType":"Blacklist","RelativeListPath":"\/default\/adult_gay_lesbian_bisexual\/rules.txt"},{"ListType":"Blacklist","RelativeListPath":"\/default\/adult_lingerie\/rules.txt"},{"ListType":"Whitelist","RelativeListPath":"\/default\/whitelist\/rules.txt"},{"ListType":"Whitelist","RelativeListPath":"\/default\/manager_whitelist\/rules.txt"},{"ListType":"Blacklist","RelativeListPath":"\/default\/your_filter_is_working\/rules.txt"},{"ListType":"Blacklist","RelativeListPath":"\/default\/filter_test\/rules.txt"},{"ListType":"BypassList","RelativeListPath":"\/default\/whitelist_vimeo_ref\/rules.txt"},{"ListType":"Whitelist","RelativeListPath":"\/default\/google_maps\/rules.txt"},{"ListType":"Whitelist","RelativeListPath":"\/default\/whitelist_for_relaxed_policy_videos\/rules.txt"},{"ListType":"BypassList","RelativeListPath":"\/default\/relaxed_policy_videos\/rules.txt"},{"ListType":"Whitelist","RelativeListPath":"\/default\/whitelist_fb_users\/rules.txt"},{"ListType":"Whitelist","RelativeListPath":"\/default\/whitelist_archive.org\/rules.txt"},{"ListType":"BypassList","RelativeListPath":"\/default\/whitelist_flickr_ref\/rules.txt"}],"UpdateFrequency":120,"PrimaryDns":"104.248.104.66","SecondaryDns":"198.58.111.139","CannotTerminate":false,"BlockInternet":false,"UseThreshold":false,"ThresholdLimit":3,"ThresholdTriggerPeriod":3,"ThresholdTimeoutPeriod":3,"BypassesPermitted":3,"BypassDuration":15,"NlpThreshold":null,"MaxTextTriggerScanningSize":3,"UpdateChannel":"Stable","ReportLevel":0,"BlacklistedApplications":["midori.exe","iridium.exe","maxthon.exe","vivaldi.exe","brave.exe","iexplore.exe","MicrosoftEdge.exe","firefox.exe","chrome.exe","MicrosoftEdgeCP.exe","GoogleSearchUniversal.exe","SearchUI.exe","Program Files*\\Google\\chrome.exe","X-Plane 11 Installer.exe"]}