{"ConfiguredLists":[{"ListType":"Blacklist","RelativeListPath":"\/default\/adult_abortion\/rules.txt"},{"ListType":"Blacklist","RelativeListPath":"\/default\/adult_child_inappropriate\/rules.txt"},{"ListType":"Blacklist","RelativeListPath":"\/default\/adult_gambling\/rules.txt"},{"ListType":"Blacklist","RelativeListPath":"\/default\/adult_gay_lesbian_bisexual\/rules.txt"},{"ListType":"Blacklist","RelativeListPath":"\/default\/adult_lingerie\/rules.txt"},{"ListType":"Blacklist","RelativeListPath":"\/default\/adult_nudity\/rules.txt"},{"ListType":"Blacklist","RelativeListPath":"\/default\/adult_pornography\/rules.txt"},{"ListType":"TextTrigger","RelativeListPath":"\/default\/adult_pornography\/triggers.txt"},{"ListType":"Blacklist","RelativeListPath":"\/default\/adult_profanity\/rules.txt"},{"ListType":"Blacklist","RelativeListPath":"\/default\/adult_r_rated\/rules.txt"},{"ListType":"Blacklist","RelativeListPath":"\/default\/adult_sex_education\/rules.txt"},{"ListType":"Blacklist","RelativeListPath":"\/default\/adult_sex_erotic\/rules.txt"},{"ListType":"Blacklist","RelativeListPath":"\/default\/criminal_child_abuse_images\/rules.txt"},{"ListType":"Blacklist","RelativeListPath":"\/default\/criminal_hacking\/rules.txt"},{"ListType":"Blacklist","RelativeListPath":"\/default\/criminal_hate_speech\/rules.txt"},{"ListType":"Blacklist","RelativeListPath":"\/default\/criminal_illegal_drugs\/rules.txt"},{"ListType":"Blacklist","RelativeListPath":"\/default\/criminal_other\/rules.txt"},{"ListType":"Blacklist","RelativeListPath":"\/default\/criminal_piracy_copyright_theft\/rules.txt"},{"ListType":"Blacklist","RelativeListPath":"\/default\/criminal_school_cheating\/rules.txt"},{"ListType":"Blacklist","RelativeListPath":"\/default\/criminal_self_harm\/rules.txt"},{"ListType":"Blacklist","RelativeListPath":"\/default\/criminal_skills\/rules.txt"},{"ListType":"Blacklist","RelativeListPath":"\/default\/criminal_torrent_repository\/rules.txt"},{"ListType":"Blacklist","RelativeListPath":"\/default\/dynamic_anonymizer\/rules.txt"},{"ListType":"Blacklist","RelativeListPath":"\/default\/dynamic_photo_sharing\/rules.txt"},{"ListType":"Blacklist","RelativeListPath":"\/default\/dynamic_social_networking\/rules.txt"},{"ListType":"Blacklist","RelativeListPath":"\/default\/entertainment_movies\/rules.txt"},{"ListType":"Blacklist","RelativeListPath":"\/default\/entertainment_music\/rules.txt"},{"ListType":"Blacklist","RelativeListPath":"\/default\/entertainment_streaming_downloadable_audio\/rules.txt"},{"ListType":"Blacklist","RelativeListPath":"\/default\/entertainment_streaming_downloadable_video\/rules.txt"},{"ListType":"Blacklist","RelativeListPath":"\/default\/entertainment_television\/rules.txt"},{"ListType":"Blacklist","RelativeListPath":"\/default\/fashion_body_art\/rules.txt"},{"ListType":"Blacklist","RelativeListPath":"\/default\/fashion_swimsuits\/rules.txt"},{"ListType":"Blacklist","RelativeListPath":"\/default\/hobbies_interests_radio\/rules.txt"},{"ListType":"Blacklist","RelativeListPath":"\/default\/hobbies_interests_sci-fi_fantasy\/rules.txt"},{"ListType":"Blacklist","RelativeListPath":"\/default\/hobbies_interests_video_computer_games\/rules.txt"},{"ListType":"Blacklist","RelativeListPath":"\/default\/lifestyle_dating_relationships\/rules.txt"},{"ListType":"Blacklist","RelativeListPath":"\/default\/lifestyle_divorce_support\/rules.txt"},{"ListType":"Blacklist","RelativeListPath":"\/default\/lifestyle_teens\/rules.txt"},{"ListType":"Blacklist","RelativeListPath":"\/default\/malicious_ad_fraud\/rules.txt"},{"ListType":"Blacklist","RelativeListPath":"\/default\/malicious_bot_net\/rules.txt"},{"ListType":"Blacklist","RelativeListPath":"\/default\/malicious_command_control_center\/rules.txt"},{"ListType":"Blacklist","RelativeListPath":"\/default\/malicious_compromised_links_to_malware\/rules.txt"},{"ListType":"Blacklist","RelativeListPath":"\/default\/malicious_malware_call_home\/rules.txt"},{"ListType":"Blacklist","RelativeListPath":"\/default\/malicious_malware_distribution_point\/rules.txt"},{"ListType":"Blacklist","RelativeListPath":"\/default\/malicious_phishing_fraud\/rules.txt"},{"ListType":"Blacklist","RelativeListPath":"\/default\/malicious_spam_urls\/rules.txt"},{"ListType":"Blacklist","RelativeListPath":"\/default\/malicious_spyware_questionable_software\/rules.txt"},{"ListType":"Blacklist","RelativeListPath":"\/default\/news_portal_search_image_search\/rules.txt"},{"ListType":"Blacklist","RelativeListPath":"\/default\/religion_non_traditional_occult\/rules.txt"},{"ListType":"Blacklist","RelativeListPath":"\/default\/science_astrology_horoscopes\/rules.txt"},{"ListType":"Blacklist","RelativeListPath":"\/default\/search_engines\/rules.txt"},{"ListType":"Blacklist","RelativeListPath":"\/default\/sports_auto_racing\/rules.txt"},{"ListType":"Blacklist","RelativeListPath":"\/default\/sports_baseball\/rules.txt"},{"ListType":"Blacklist","RelativeListPath":"\/default\/sports_boxing\/rules.txt"},{"ListType":"Blacklist","RelativeListPath":"\/default\/sports_cheerleading\/rules.txt"},{"ListType":"Blacklist","RelativeListPath":"\/default\/sports_football\/rules.txt"},{"ListType":"Blacklist","RelativeListPath":"\/default\/sports_nascar_racing\/rules.txt"},{"ListType":"Blacklist","RelativeListPath":"\/default\/sports_pro_basketball\/rules.txt"},{"ListType":"Blacklist","RelativeListPath":"\/default\/sports_pro_ice_hockey\/rules.txt"},{"ListType":"Blacklist","RelativeListPath":"\/default\/sports_rodeo\/rules.txt"},{"ListType":"Blacklist","RelativeListPath":"\/default\/sports_world_soccer\/rules.txt"},{"ListType":"Whitelist","RelativeListPath":"\/default\/whitelist\/rules.txt"},{"ListType":"TextTrigger","RelativeListPath":"\/default\/en_porn\/triggers.txt"},{"ListType":"Whitelist","RelativeListPath":"\/default\/manager_whitelist\/rules.txt"},{"ListType":"Blacklist","RelativeListPath":"\/default\/google_image_blocking\/rules.txt"},{"ListType":"Blacklist","RelativeListPath":"\/default\/google_video_blocking\/rules.txt"},{"ListType":"TextTrigger","RelativeListPath":"\/default\/en_amazon\/triggers.txt"},{"ListType":"TextTrigger","RelativeListPath":"\/default\/en_ebay\/triggers.txt"},{"ListType":"Blacklist","RelativeListPath":"\/default\/craigslist_personals\/rules.txt"},{"ListType":"Blacklist","RelativeListPath":"\/default\/backpage_personals\/rules.txt"},{"ListType":"Blacklist","RelativeListPath":"\/default\/your_filter_is_working\/rules.txt"},{"ListType":"Blacklist","RelativeListPath":"\/default\/pinterest\/rules.txt"},{"ListType":"Whitelist","RelativeListPath":"\/default\/google_maps\/rules.txt"},{"ListType":"BypassList","RelativeListPath":"\/default\/relaxed_policy_videos\/rules.txt"},{"ListType":"BypassList","RelativeListPath":"\/default\/whitelist_video\/rules.txt"},{"ListType":"Blacklist","RelativeListPath":"\/default\/swisscow_video_music_blocking\/rules.txt"},{"ListType":"Whitelist","RelativeListPath":"\/default\/whitelist_fb_users\/rules.txt"},{"ListType":"Blacklist","RelativeListPath":"\/default\/en_amazon\/rules.txt"},{"ListType":"Whitelist","RelativeListPath":"\/default\/whitelist_archive.org\/rules.txt"},{"ListType":"BypassList","RelativeListPath":"\/default\/whitelist_flicker_ref\/rules.txt"},{"ListType":"Blacklist","RelativeListPath":"\/default\/misc_entertainment\/rules.txt"},{"ListType":"Blacklist","RelativeListPath":"\/default\/entertainment_entertainment_news_celebrity\/rules.txt"},{"ListType":"Whitelist","RelativeListPath":"\/default\/manager_whitelist_-_cv4m\/rules.txt"},{"ListType":"Blacklist","RelativeListPath":"\/default\/reddit\/rules.txt"},{"ListType":"Blacklist","RelativeListPath":"\/default\/stock_photos\/rules.txt"}],"UpdateFrequency":180,"PrimaryDns":"198.58.111.139","SecondaryDns":"104.248.104.66","PrimaryDnsV6":"2001:4860:4860::8888","SecondaryDnsV6":"2001:4860:4860::8844","CannotTerminate":false,"BlockInternet":false,"UseThreshold":false,"ThresholdLimit":3,"ThresholdTriggerPeriod":3,"ThresholdTimeoutPeriod":3,"BypassesPermitted":3,"BypassDuration":15,"NlpThreshold":null,"MaxTextTriggerScanningSize":3,"UpdateChannel":"Stable","DebugEnabled":1,"BlacklistedApplications":[],"WhitelistedApplications":[{"name":"MSOSYNC.EXE","os":"WIN"},{"name":"mstsc.exe","os":"WIN"},{"name":"assistant.exe","os":"WIN"},{"name":"MsSense.exe","os":"WIN"},{"name":"GoogleUpdate.exe","os":"WIN"},{"name":"GoogleUpdateSetup.exe","os":"WIN"},{"name":"Airdroid.exe","os":"WIN"},{"name":"InScribe6.exe","os":"WIN"},{"name":"Gs-server.exe","os":"WIN"},{"name":"nis.exe","os":"WIN"},{"name":"egui.exe","os":"WIN"},{"name":"ekrn.exe","os":"WIN"},{"name":"concentr.exe","os":"WIN"},{"name":"wfcrun32.exe","os":"WIN"},{"name":"redirector.exe","os":"WIN"},{"name":"SelfService.exe","os":"WIN"},{"name":"SelfServicePlugin.exe","os":"WIN"},{"name":"Receiver.exe","os":"WIN"},{"name":"wfica32.exe","os":"WIN"},{"name":"Sync-taskbar.exe","os":"WIN"},{"name":"Sync-worker.exe","os":"WIN"},{"name":"sihost.exe","os":"WIN"},{"name":"smartscreen.exe","os":"WIN"},{"name":"lync.exe","os":"WIN"},{"name":"PluginHost.exe","os":"WIN"},{"name":"lynchtmlconv.exe","os":"WIN"},{"name":"wintac.mde","os":"WIN"},{"name":"PlanSwift.exe","os":"WIN"},{"name":"sh10.exe","os":"WIN"},{"name":"atmgr.exe","os":"WIN"},{"name":"WSCommCntr4.exe","os":"WIN"},{"name":"AdAppMgrSvc.exe","os":"WIN"},{"name":"sqlservr.exe","os":"WIN"},{"name":"sqlwriter.exe","os":"WIN"},{"name":"sqlbrowser.exe","os":"WIN"},{"name":"epag.exe","os":"WIN"},{"name":"EndpointService.exe","os":"WIN"},{"name":"EndpointIntegration.exe","os":"WIN"},{"name":"Console.exe","os":"WIN"},{"name":"UpdateService.exe","os":"WIN"},{"name":"AGSService.exe","os":"WIN"},{"name":"AdCefWebBrowser.exe","os":"WIN"},{"name":"Srfeature.exe","os":"WIN"},{"name":"summit.exe","os":"WIN"},{"name":"summitDbUpd.exe","os":"WIN"},{"name":"Updater.exe","os":"WIN"},{"name":"adexmtsv.exe","os":"WIN"},{"name":"screencast.exe","os":"WIN"},{"name":"PROFILE.EXE","os":"WIN"},{"name":"pageant.exe","os":"WIN"},{"name":"photographicdesigner.exe","os":"WIN"},{"name":"Git-remote-https.exe","os":"WIN"},{"name":"7z.exe","os":"WIN"},{"name":"7za.exe","os":"WIN"},{"name":"elevate.exe","os":"WIN"},{"name":"Jobber.exe","os":"WIN"},{"name":"robotaskbaricon.exe","os":"WIN"},{"name":"SRServer.exe","os":"WIN"},{"name":"SRManager.exe","os":"WIN"},{"name":"SRFeature.exe","os":"WIN"},{"name":"SRService.exe","os":"WIN"},{"name":"nbrplayer.exe","os":"WIN"},{"name":"msiexec.exe","os":"WIN"},{"name":"a2guard.exe","os":"WIN"},{"name":"a2service.exe","os":"WIN"},{"name":"a2start.exe","os":"WIN"},{"name":"ALsvc.exe","os":"WIN"},{"name":"ALMon.exe","os":"WIN"},{"name":"McsAgent.exe","os":"WIN"},{"name":"McsClient.exe","os":"WIN"},{"name":"AppleMobileDeviceHelper.exe","os":"WIN"},{"name":"Roadlog Sync App.exe","os":"WIN"},{"name":"PDVD10Serv.exe","os":"WIN"},{"name":"avp.exe","os":"WIN"},{"name":"vpnui.exe","os":"WIN"},{"name":"jp2launcher.exe","os":"WIN"},{"name":"auajw.exe","os":"WIN"},{"name":"aua.exe","os":"WIN"},{"name":"bjW.exe","os":"WIN"},{"name":"nw.exe","os":"WIN"},{"name":"LibreViewDeviceDrivers.2.1.6.exe","os":"WIN"},{"name":"LMU.exe","os":"WIN"},{"name":"AutodeskDesktopApp.exe","os":"WIN"},{"name":"DLMSession.exe","os":"WIN"},{"name":"Inventor.exe","os":"WIN"},{"name":"ramaint.exe","os":"WIN"},{"name":"raabout.exe","os":"WIN"},{"name":"LogMeInRescue.exe","os":"WIN"},{"name":"rescue.exe","os":"WIN"},{"name":"DropboxUpdate.exe","os":"WIN"},{"name":"DropboxInstaller.exe","os":"WIN"},{"name":"HRBlock2017.exe","os":"WIN"},{"name":"UpdateMgr.exe","os":"WIN"},{"name":"TaxAct17.exe","os":"WIN"},{"name":"auctionflex.exe","os":"WIN"},{"name":"TurboTax.exe","os":"WIN"},{"name":"TurboTaxUtility.exe","os":"WIN"},{"name":"X-Plane 11 Installer.exe","os":"WIN"},{"name":"Home designer pro 2018.exe","os":"WIN"},{"name":"Accordance.exe","os":"WIN"},{"name":"softplan.exe","os":"WIN"},{"name":"ValidatorA2U.exe","os":"WIN"},{"name":"chromesetup.exe","os":"WIN"},{"name":"armsvc.exe","os":"WIN"},{"name":"Bootcamp.exe","os":"WIN"},{"name":"vmtoolsd.exe","os":"WIN"},{"name":"vmacthlp.exe","os":"WIN"},{"name":"VGAuthService.exe","os":"WIN"},{"name":"AppleOSSMgr.exe","os":"WIN"},{"name":"PCST.exe","os":"WIN"},{"name":"MyGeniusClient.exe","os":"WIN"},{"name":"Home Designer Pro 2019.exe","os":"WIN"},{"name":"CricutBridge4.exe","os":"WIN"},{"name":"CricutLauncher4.exe","os":"WIN"},{"name":"Field Manager Pro Desktop.exe","os":"WIN"},{"name":"Silhouette studio.exe","os":"WIN"},{"name":"SilhouetteLinkServer.32.exe","os":"WIN"},{"name":"ApplePhotoStreams.exe","os":"WIN"},{"name":"iCloud.exe","os":"WIN"},{"name":"iCloudDrive.exe","os":"WIN"},{"name":"iCloudServices.exe","os":"WIN"},{"name":"iCloudPhotos.exe","os":"WIN"},{"name":"Multi.exe","os":"WIN"},{"name":"officeclicktorun.exe","os":"WIN"},{"name":"AppleMobileDeviceServices.exe","os":"WIN"},{"name":"AppleOutlookDAVConfig.exe","os":"WIN"},{"name":"Home Designer Architectural 2019.exe","os":"WIN"},{"name":"AmazonGSDownloaderSetup.exe","os":"WIN"},{"name":"AmazonGSDownloaderService.exe","os":"WIN"},{"name":"AmazonGSDownloaderTray.exe","os":"WIN"},{"name":"GoodSync-v10.exe","os":"WIN"},{"name":"setup-stub.exe","os":"WIN"},{"name":"GoogleDriveFS.exe","os":"WIN"},{"name":"remote_assistance_host.exe","os":"WIN"},{"name":"conhost.exe","os":"WIN"},{"name":"remoting_host.exe","os":"WIN"},{"name":"remoting_native_messaging_host.exe","os":"WIN"},{"name":"cmd.exe","os":"WIN"},{"name":"Cloud Sticky Notes.exe","os":"WIN"},{"name":"CareLinkUploader-ACC-7350-2.0.048.000-windows-installer.exe","os":"WIN"},{"name":"streamer.exe","os":"WIN"},{"name":"installbackupandsync.exe","os":"WIN"},{"name":"nortonsecurity.exe","os":"WIN"},{"name":"NortonNSDownloader.exe","os":"WIN"},{"name":"bdagent.exe","os":"WIN"},{"name":"bdredline.exe","os":"WIN"},{"name":"bdwxtag.exe","os":"WIN"},{"name":"updatesrv.exe","os":"WIN"},{"name":"ProductAgentService.exe","os":"WIN"},{"name":"vsservp.exe","os":"WIN"},{"name":"DevMgmtService.exe","os":"WIN"},{"name":"seccenter.exe","os":"WIN"},{"name":"ProductAgentUI.exe","os":"WIN"},{"name":"mediacreationtool1803.exe","os":"WIN"},{"name":"Emma.exe","os":"WIN"},{"name":"XperiaCompanion.exe","os":"WIN"},{"name":"XperiaCompanionAgent.exe","os":"WIN"},{"name":"SPDownloadUtility.exe","os":"WIN"},{"name":"LFLauncher.exe","os":"WIN"},{"name":"LFHelper.exe","os":"WIN"},{"name":"LeapFrogConnect2.exe","os":"WIN"},{"name":"racefp.exe","os":"WIN"},{"name":"DSUpdate.exe","os":"WIN"},{"name":"thunderbird.exe *32","os":"WIN"},{"name":"thunderbird.exe","os":"WIN"},{"name":"g2mcomm.exe","os":"WIN"},{"name":"g2mlauncher.exe","os":"WIN"},{"name":"g2mstart.exe","os":"WIN"},{"name":"washservernet.exe","os":"WIN"},{"name":"brackets.exe","os":"WIN"},{"name":"CodeHelper.exe","os":"WIN"},{"name":"Keeper.exe","os":"WIN"},{"name":"GoogleCrashHandler64.exe","os":"WIN"},{"name":"GoogleCrashHandler.exe","os":"WIN"},{"name":"x264-r2901-7d0ff22.exe","os":"WIN"},{"name":"flashplayer31pp_jd_install.exe","os":"WIN"},{"name":"LSB.exe","os":"WIN"},{"name":"canary.exe","os":"WIN"},{"name":"readerdc_en_xa_cra_install.exe","os":"WIN"},{"name":"BASupSrvcCnfg.exe","os":"WIN"},{"name":"idwutil_610.exe","os":"WIN"},{"name":"uiWinMgr.exe","os":"WIN"},{"name":"uiUpdateTray.exe","os":"WIN"},{"name":"coreServiceShell.exe","os":"WIN"},{"name":"coreFrameworkHost.exe","os":"WIN"},{"name":"uiSeAgnt.exe","os":"WIN"},{"name":"TpKnrres.exe","os":"WIN"},{"name":"TisEzIns.exe","os":"WIN"},{"name":"DrSDKCaller.exe","os":"WIN"},{"name":"Local by Flywheel.exe","os":"WIN"},{"name":"Local-Flywheel-WinNFSd.exe","os":"WIN"},{"name":"DesktopDPO.exe","os":"WIN"},{"name":"atom.exe","os":"WIN"},{"name":"node.exe","os":"WIN"},{"name":"qbpatch2.exe","os":"WIN"},{"name":"tconnect Uploader.exe","os":"WIN"},{"name":"aspex_helper.exe","os":"WIN"},{"name":"ptt.exe *32","os":"WIN"},{"name":"SentinelAgent.exe","os":"WIN"},{"name":"SentinelBrowserNativeHost.exe","os":"WIN"},{"name":"SentinelServiceHost.exe","os":"WIN"},{"name":"SentinelStaticEngine.exe","os":"WIN"},{"name":"SentinelStaticEngineScanner.exe","os":"WIN"},{"name":"ss_bluetooth.exe","os":"WIN"},{"name":"ptt.exe","os":"WIN"},{"name":"PVStudio.exe","os":"WIN"},{"name":"g2comm.exe","os":"WIN"},{"name":"g2pre.exe","os":"WIN"},{"name":"g2svc.exe","os":"WIN"},{"name":"architect.exe","os":"WIN"},{"name":"mysqld.exe","os":"WIN"},{"name":"laragon.exe","os":"WIN"},{"name":"ib_bglaunch.exe","os":"WIN"},{"name":"ib_service.exe","os":"WIN"},{"name":"ib_tray.exe","os":"WIN"},{"name":"ib_win.exe","os":"WIN"},{"name":"Moneydance.exe","os":"WIN"},{"name":"Sage50Accounting.exe","os":"WIN"},{"name":"TrGUI.exe","os":"WIN"},{"name":"TracSrvWrapper.exe","os":"WIN"},{"name":"sfagent.exe","os":"WIN"},{"name":"Office.exe","os":"WIN"},{"name":"CloudVeilMessenger.exe","os":"WIN"},{"name":"notebook.exe","os":"WIN"},{"name":"php-cgi.exe","os":"WIN"},{"name":"HRBlock2018.exe","os":"WIN"},{"name":"HRBlockSwMgr.exe","os":"WIN"},{"name":"HRBlockSWmgr2.exe","os":"WIN"},{"name":"HRBlockSWMgrAsst.exe","os":"WIN"},{"name":"TogglDesktop.exe","os":"WIN"},{"name":"Zoiper5.exe","os":"WIN"},{"name":"mysabre.exe","os":"WIN"},{"name":"Code.exe","os":"WIN"},{"name":"JumpClient.exe","os":"WIN"},{"name":"node","os":"WIN"},{"name":"AcSettingSync.exe","os":"WIN"},{"name":"acwebbrowser.exe","os":"WIN"},{"name":"AcWebBrowser.exe","os":"WIN"},{"name":"QBOWinsubproc.exe","os":"WIN"},{"name":"AECA22Updater.exe","os":"WIN"},{"name":"Home Designer Architectural 2020.exe","os":"WIN"},{"name":"ChromeSetup.exe","os":"WIN"},{"name":"Silhouette Studio.exe","os":"WIN"},{"name":"NEService64.exe","os":"WIN"},{"name":"NisSrv.exe","os":"WIN"},{"name":"RPCSuite.exe","os":"WIN"},{"name":"RemotePCService.exe","os":"WIN"},{"name":"strwindfile.exe","os":"WIN"},{"name":"strwincmpt.exe","os":"WIN"},{"name":"strwinclt.exe","os":"WIN"},{"name":"strwinchat.exe","os":"WIN"},{"name":"RPCCoreViewer.exe","os":"WIN"},{"name":"ADPClientService.exe","os":"WIN"},{"name":"AdskLicensingAgent.exe","os":"WIN"},{"name":"AdskLicensingService.exe","os":"WIN"},{"name":"AdSSO.exe","os":"WIN"},{"name":"HxTsr.exe","os":"WIN"},{"name":"Acrobat.exe","os":"WIN"},{"name":"AcroCEF.exe","os":"WIN"},{"name":"Adobe DEF Helper.exe","os":"WIN"},{"name":"acrotray.exe","os":"WIN"},{"name":"notion.exe","os":"WIN"},{"name":"x-Plane.exe","os":"WIN"},{"name":"X-Plane-32bit.exe","os":"WIN"},{"name":"RingCentral.exe","os":"WIN"},{"name":"Softphone.exe","os":"WIN"},{"name":"SoftPhoneMapiBridge.exe","os":"WIN"},{"name":"SoftphoneCrashMonitor.exe","os":"WIN"},{"name":"Home Designer Suite 2019.exe","os":"WIN"},{"name":"update.exe","os":"WIN"},{"name":"RPCProxyLatency.exe","os":"WIN"},{"name":"QBWebConnector.exe","os":"WIN"},{"name":"phpstorm64.exe","os":"WIN"},{"name":"srt_helper.exe","os":"WIN"},{"name":"Run_HTS.exe","os":"WIN"},{"name":"curl.exe","os":"WIN"},{"name":"ZA_Upgrader","os":"WIN"},{"name":"agent.exe","os":"WIN"},{"name":"ZMAgent.exe","os":"WIN"},{"name":"ZohoURSService.exe","os":"WIN"},{"name":"ZohoMeeting.exe","os":"WIN"},{"name":"ZohoTray.exe","os":"WIN"},{"name":"ZohoURS.exe","os":"WIN"},{"name":"EpicGamesLauncher.exe","os":"WIN"},{"name":"DiasendUploader.exe","os":"WIN"},{"name":"dewey.exe","os":"WIN"},{"name":"MavisBeacon.exe","os":"WIN"},{"name":"mavisDlx.exe","os":"WIN"},{"name":"IntuitDataProtect.exe","os":"WIN"},{"name":"QBDBMgrN.exe","os":"WIN"},{"name":"QBCFMonitorService.exe","os":"WIN"},{"name":"Chief Architect Premier X12.exe","os":"WIN"},{"name":"BioSync.exe","os":"WIN"},{"name":"SimGIS.exe","os":"WIN"},{"name":"Youtube Music Video Downloader [W10].exe","os":"WIN"},{"name":"itauaplicativo.exe","os":"WIN"},{"name":"LogiOptionsUI.exe","os":"WIN"},{"name":"LogiOptions.exe","os":"WIN"},{"name":"LogiOptionsMgr.exe","os":"WIN"},{"name":"Screen Recorder Launcher.exe","os":"WIN"},{"name":"fing.exe","os":"WIN"},{"name":"fingagent.exe","os":"WIN"},{"name":"Wavefire.Connect.exe","os":"WIN"},{"name":"Cricut Design Space.exe","os":"WIN"},{"name":"CricutLocalData.exe","os":"WIN"},{"name":"Communicator.exe","os":"WIN"},{"name":"BtbcCrashService.exe","os":"WIN"},{"name":"bria.exe","os":"WIN"},{"name":"CptHost.exe","os":"WIN"},{"name":"iCloudPrefs.exe","os":"WIN"},{"name":"CareLinkUploader-ACC-7350-2.2.15-windows-installer.exe","os":"WIN"},{"name":"PagesManager.exe","os":"WIN"},{"name":"Home Designer Suite 2018.exe","os":"WIN"},{"name":"Home Designer Suite 2017.exe","os":"WIN"},{"name":"Blueiris.exe","os":"WIN"},{"name":"ATIESRXX.EXE","os":"WIN"},{"name":"ATIECLXX.EXE","os":"WIN"},{"name":"com.apple.SafariTechnologyPreview","os":"OSX"},{"name":"ATISetup.exe","os":"WIN"},{"name":"LeapFrogConnectSetup_LeapStart.exe","os":"WIN"},{"name":"PlanMaker.exe","os":"WIN"},{"name":"SoftMakerUpdaterTool.exe","os":"WIN"},{"name":"mailstationAssistant.exe","os":"WIN"},{"name":"NVIDIA GeForce Experience.exe","os":"WIN"},{"name":"vncserverui.exe","os":"WIN"},{"name":"vncserver.exe","os":"WIN"},{"name":"vncagent.exe","os":"WIN"},{"name":"com.autodesk.dls.streamer.scriptapp.Autodesk-Fusion-360","os":"OSX"},{"name":"AudibleRT.WindowsPhone.exe","os":"WIN"},{"name":"com.apple.systempreferences","os":"OSX"},{"name":"com.microsoft.VSCode","os":"OSX"},{"name":"MBSetup.exe","os":"WIN"},{"name":"com.tinyspeck.slackmacgap.helper","os":"OSX"},{"name":"WhatsApp-Helper","os":"OSX"},{"name":"lumion.exe","os":"WIN"},{"name":"com.nssurge.surge-mac","os":"OSX"},{"name":"com.termius-dmg.mac","os":"OSX"},{"name":"RadioFeed.exe","os":"WIN"},{"name":"com.apple.print.PrinterProxy","os":"OSX"},{"name":"com.apple.sidecar","os":"OSX"},{"name":"RsvcHost.exe","os":"WIN"},{"name":"Swrm.exe","os":"WIN"},{"name":"Vrol.exe","os":"WIN"},{"name":"BdVpnService.exe","os":"WIN"},{"name":"Bdvpnapp.exe","os":"WIN"},{"name":"com.apple.Spotlight","os":"OSX"},{"name":"com.apple.print.daemon.printtool","os":"OSX"},{"name":"com.apple.commandInk","os":"OSX"},{"name":"com.olivetree.BibleReaderMac","os":"OSX"},{"name":"com.yourcompany.TecartaBible","os":"OSX"},{"name":"TextNow.exe","os":"WIN"},{"name":"com.hnc.Discord","os":"OSX"},{"name":"wlmail.exe","os":"WIN"},{"name":"FarmLine.GUI.FCentral.exe.manifest","os":"WIN"},{"name":"FarmLine.ControlLogic.FCHost.exe *32","os":"WIN"},{"name":"FarmLine.GUI.FCentral.exe *32","os":"WIN"},{"name":"FarmLine.GUI.FCentral.exe.config *32","os":"WIN"},{"name":"FarmLine.ControlManager.ControlManagerService.exe *32","os":"WIN"},{"name":"FarmLine.NotificationManager.NotificationManagerService.exe *32","os":"WIN"},{"name":"eventservice.exe *32","os":"WIN"},{"name":"EvtSvcRegistrar.exe *32","os":"WIN"},{"name":"idea64.exe","os":"WIN"},{"name":"pCloud.exe","os":"WIN"},{"name":"Download_QuickBooks_2021_CAD.exe","os":"WIN"},{"name":"Simplify3D.exe","os":"WIN"},{"name":"lghub_installer.exe","os":"WIN"},{"name":"com.apple.nsurlsessiond","os":"OSX"},{"name":"com.apple.cloudd","os":"OSX"},{"name":"IBuEngHost.exe","os":"WIN"},{"name":"Intuit.QBDT.Webconnector.Application.exe","os":"WIN"},{"name":"Intuit.QBDT.Webconnector.QBWCMonitor.exe","os":"WIN"},{"name":"ipostage.exe","os":"WIN"},{"name":"com.apple.securityd","os":"OSX"},{"name":"NVIDIA Web Helper.exe","os":"WIN"},{"name":"nvcplui.exe","os":"WIN"},{"name":"nvcontainer.exe","os":"WIN"},{"name":"org.whispersystems.signal-desktop","os":"OSX"},{"name":"net.cozic.joplin-desktop","os":"OSX"},{"name":"spotx.exe","os":"WIN"},{"name":"GlassWire.exe","os":"WIN"},{"name":"com.sync.desktop","os":"OSX"},{"name":"Home Designer Suite 2021.exe","os":"WIN"},{"name":"Curaengine.exe","os":"WIN"},{"name":"com.p5sys.jump.mac.viewer","os":"OSX"},{"name":"com.parallels.updater","os":"OSX"},{"name":"Home Designer Architectural 2021.exe","os":"WIN"},{"name":"Silhouette Studio Licensing.exe","os":"WIN"},{"name":"Home Designer Pro 2021.exe","os":"WIN"},{"name":"ActivationDialog.cpp","os":"WIN"},{"name":"com.infinitekind.MoneydanceOSX","os":"OSX"},{"name":"IntuitUpdater.exe","os":"WIN"},{"name":"IntuitUpdateService.exe","os":"WIN"},{"name":"sync-worker","os":"OSX"},{"name":"CefSharp.BrowserSubprocess.exe","os":"WIN"},{"name":"tt2020.exe","os":"WIN"},{"name":"SophosInstall.exe","os":"WIN"},{"name":"com.apple.iCloudHelper","os":"OSX"},{"name":"Setup.exe","os":"WIN"},{"name":"com.apple.c2","os":"OSX"},{"name":"com.apple.AirScan","os":"OSX"},{"name":"com.fujitsu.pfu.ScanSnap.OnlineUpdate","os":"OSX"},{"name":"com.intuit.QBOClient.helper","os":"OSX"},{"name":"Zoho Assist.exe","os":"WIN"},{"name":"vnclicensewiz.exe","os":"WIN"},{"name":"Zoho Assist - Desktop.exe","os":"WIN"},{"name":"Trimble Installation Manager.exe","os":"WIN"},{"name":"SWUpdate.exe","os":"WIN"},{"name":"io.robbie.HomeAssistant","os":"OSX"},{"name":"EPSDNMON.EXE","os":"WIN"},{"name":"Fluenz.exe","os":"WIN"},{"name":"com.seriflabs.affinitypublisher","os":"OSX"},{"name":"e-Sword.exe","os":"WIN"},{"name":"guarda.exe","os":"WIN"},{"name":"DesktopLauncher.exe","os":"WIN"},{"name":"TMenu.exe","os":"WIN"},{"name":"hasp_rt.exe","os":"WIN"},{"name":"Mstart5.exe","os":"WIN"},{"name":"Support-LogMeInRescue.exe","os":"WIN"},{"name":"ConnectivitySuite.exe","os":"WIN"},{"name":"start5.exe","os":"WIN"},{"name":"customermanagement.exe","os":"WIN"},{"name":"I4.Gateway.Win.exe","os":"WIN"},{"name":"I4.SubGateway.Diagnosis.exe","os":"WIN"},{"name":"I4.SubGateway.Measurements.exe","os":"WIN"},{"name":"I4.Supervisor.Win.exe","os":"WIN"},{"name":"VSTOInstaller.exe","os":"WIN"},{"name":"Trimble Installation Manager Notifier.exe","os":"WIN"},{"name":"Trimble.Connect.SyncTool.exe","os":"WIN"},{"name":"Trimble.Trdm.SvcHost.2.7.0.exe","os":"WIN"},{"name":"TBCRestfulApi.exe","os":"WIN"},{"name":"TBCExternalServicesDaemon.exe","os":"WIN"},{"name":"TBCActivityWorkerServices.exe","os":"WIN"},{"name":"TrimbleBusinessCenter.exe","os":"WIN"},{"name":"com.watchguard.sslvpn","os":"OSX"},{"name":"com.logmein.g2ax.customer","os":"OSX"},{"name":"com.apple.runtime-issues","os":"OSX"},{"name":"CorelDRAWGraphicsSuite2020Installer_AM.exe","os":"WIN"},{"name":"jcef_helper.exe","os":"WIN"},{"name":"fsnotifier64.exe","os":"WIN"},{"name":"pycharm64.exe","os":"WIN"},{"name":"Connectivity.Vault.exe","os":"WIN"},{"name":"3DxVirtualLCD.exe","os":"WIN"},{"name":"3Dxpiemenus.exe","os":"WIN"},{"name":"3DxProfileServer.exe","os":"WIN"},{"name":"3DxService.exe","os":"WIN"},{"name":"AnyDesk.exe","os":"WIN"},{"name":"com.apple.containermanager","os":"OSX"},{"name":"Sync","os":"OSX"},{"name":"org.whispersystems.signal-desktop.helper","os":"OSX"},{"name":"org.whispersystems.signal-desktop.helper.GPU","os":"OSX"},{"name":"org.whispersystems.signal-desktop.helper.Renderer","os":"OSX"},{"name":"getdropbox.dropbox.sync","os":"OSX"},{"name":"G7HH3F8CAK.com.getdropbox.dropbox","os":"OSX"},{"name":"WebLaunchRecorder.exe","os":"WIN"},{"name":"FocalPtSvr.exe","os":"WIN"},{"name":"FocalPtMbl.exe","os":"WIN"},{"name":"FocalPtLic.exe","os":"WIN"},{"name":"FocalPtHosted.exe","os":"WIN"},{"name":"FocalPtMgr.exe","os":"WIN"},{"name":"FocalPt.exe","os":"WIN"},{"name":"GlanceGuestSetup_4.17.1.exe","os":"WIN"},{"name":"com.cricut.design","os":"OSX"},{"name":"com.github.Electron.helper","os":"OSX"},{"name":"Screencast-O-Matic.exe","os":"WIN"},{"name":"Loom.exe","os":"WIN"},{"name":"com.codeweavers.accountedge","os":"OSX"},{"name":"Kobo.exe","os":"WIN"},{"name":"com.prosoftnet.remotepcSuite","os":"OSX"},{"name":"com.apple.SoftwareUpdateMacController","os":"OSX"},{"name":"com.apple.SoftwareUpdate","os":"OSX"},{"name":"com.apple.mobileassetd","os":"OSX"},{"name":"com.tunnelbear.mac.TunnelBear","os":"OSX"},{"name":"nextcloud.exe","os":"WIN"},{"name":"readerdc64_en_xa_crd_gocd_install.exe","os":"WIN"},{"name":"SophosInstall_Stage2.exe","os":"WIN"},{"name":"SophosFileScanner.exe","os":"WIN"},{"name":"SophosCleanM64.exe","os":"WIN"},{"name":"SophosFS.exe","os":"WIN"},{"name":"SophosHealth.exe","os":"WIN"},{"name":"SophosNtpService.exe","os":"WIN"},{"name":"SophosUI.exe","os":"WIN"},{"name":"SophosSafestore64.exe","os":"WIN"},{"name":"SavService.exe","os":"WIN"},{"name":"SAVAdminService.exe","os":"WIN"},{"name":"vpn_client_service.exe","os":"WIN"},{"name":"Protractor.Client.ShopManager.exe","os":"WIN"},{"name":"Protractor.Launcher.ShopManager.exe","os":"WIN"},{"name":"Home Designer Suite 2022.exe","os":"WIN"},{"name":"Sophos UI.exe","os":"WIN"},{"name":"SophosIPS.exe","os":"WIN"},{"name":"SophosSafestore.exe","os":"WIN"},{"name":"SSPService.exe","os":"WIN"},{"name":"SEDService.exe","os":"WIN"},{"name":"sdcservice.exe","os":"WIN"},{"name":"RazerInstaller.exe","os":"WIN"},{"name":"com.google.drivefs","os":"OSX"},{"name":"com.googlecode.iterm2","os":"OSX"},{"name":"NiniteOne.exe","os":"WIN"},{"name":"kDrive.exe","os":"WIN"},{"name":"LittleLogBookGlobal.exe","os":"WIN"},{"name":"HRB.Business.exe","os":"WIN"},{"name":"AwesomiumProcess","os":"WIN"},{"name":"jhi_service.exe","os":"WIN"},{"name":"John Deere Data Manager.exe","os":"WIN"},{"name":"Makerverse.exe","os":"WIN"},{"name":"Speedtest.exe","os":"WIN"},{"name":"HRBlock2021.exe","os":"WIN"},{"name":"com.autodesk.fusion360","os":"OSX"},{"name":"com.autodesk.ads.ADPClientService","os":"OSX"},{"name":"CareLinkUploader-ACC-7350-3-4-0-windows-installer.exe","os":"WIN"},{"name":"vncviewer.exe","os":"WIN"},{"name":"wpsupdate.exe","os":"WIN"},{"name":"wps.exe","os":"WIN"},{"name":"wpscenter.exe","os":"WIN"},{"name":"wpscloudsvr.exe","os":"WIN"},{"name":"StructuredDesign.Shell.exe","os":"WIN"},{"name":"SuppliesAssistantClient.exe","os":"WIN"},{"name":"cyber-protect-service.exe","os":"WIN"},{"name":"CyberProtectHomeOffice.exe","os":"WIN"},{"name":"CyberProtectHomeOfficeMonitor.exe","os":"WIN"},{"name":"makerbot-print.exe","os":"WIN"},{"name":"com.apple.Terminal","os":"OSX"},{"name":"tt2021.exe","os":"WIN"},{"name":"Chief Architect Premier X13.exe","os":"WIN"},{"name":"com.raycast.macos","os":"OSX"},{"name":"homebrew.mxcl.php@7.4","os":"OSX"},{"name":"com.CounterPath_Corporation.Bria","os":"OSX"},{"name":"io.balena.etcher","os":"OSX"},{"name":"com.apple.curl","os":"OSX"},{"name":"dev.warp.Warp-Stable","os":"OSX"},{"name":"info.eurocomp.Timing-setapp","os":"OSX"},{"name":"qbw32.exe","os":"WIN"},{"name":"php","os":"OSX"},{"name":"com.mschrage.fig","os":"OSX"},{"name":"be.spatie.ray","os":"OSX"},{"name":"Scribe.exe","os":"WIN"},{"name":"BAConsoleApp.exe","os":"WIN"},{"name":"BASupSrvc.exe","os":"WIN"},{"name":"BASEClient.exe","os":"WIN"},{"name":"BASupSrvcUpdater.exe","os":"WIN"},{"name":"BASupSysInf.exe","os":"WIN"},{"name":"com.jetbrains.PhpStorm","os":"OSX"},{"name":"com.backblaze.bzdoinstall","os":"OSX"},{"name":"SupportAssistAgent.exe","os":"WIN"},{"name":"SupportAssistAppWire.exe","os":"WIN"},{"name":"SupportAssistClientUI.exe","os":"WIN"},{"name":"SupportAssistInstaller.exe","os":"WIN"},{"name":"FTBCheckUpdates.exe","os":"WIN"},{"name":"org.mozilla.thunderbird","os":"OSX"},{"name":"com.readdle.smartemail-Mac","os":"OSX"},{"name":"everaccountable.exe","os":"WIN"},{"name":"Cura.exe","os":"WIN"},{"name":"CuraEngine.exe","os":"WIN"},{"name":"be.spatie.ray.helper","os":"OSX"},{"name":"com.microsoft.VSCode.helper","os":"OSX"},{"name":"SensMitPath2.56.exe","os":"WIN"},{"name":"PrintDialog.exe","os":"WIN"},{"name":"Sygma.exe","os":"WIN"},{"name":"ngrok.exe","os":"WIN"},{"name":"Truple.exe","os":"WIN"},{"name":"QBSyncAutopilot.exe","os":"WIN"},{"name":"EST Desktop 2.0.exe","os":"WIN"},{"name":"WeatherLink 6.0.5.exe","os":"WIN"},{"name":"com.operasoftware.Installer.Opera","os":"OSX"},{"name":"Alibre Design.exe","os":"WIN"},{"name":"CorelDRW.exe","os":"WIN"},{"name":"InterprocessController.exe","os":"WIN"},{"name":"Muse.exe","os":"WIN"},{"name":"Muse.Service.exe","os":"WIN"},{"name":"RealFlight.exe","os":"WIN"},{"name":"id_win.exe","os":"WIN"},{"name":"id_tray.exe","os":"WIN"},{"name":"id_bglaunch.exe","os":"WIN"},{"name":"id_service.exe","os":"WIN"},{"name":"IgnitionGateway.exe","os":"WIN"},{"name":"messenger.exe","os":"WIN"},{"name":"Spire.exe","os":"WIN"},{"name":"QuickMAR.exe","os":"WIN"},{"name":"com.splashtop.stb.macosx","os":"OSX"},{"name":"SSUService.exe","os":"WIN"},{"name":"SRUpdateAPI.exe","os":"WIN"},{"name":"readerdc64_en_xa_cra_mdr_install.exe","os":"WIN"},{"name":"com.cloudflare.1dot1dot1dot1.macos","os":"OSX"},{"name":"CloudflareWARP","os":"OSX"},{"name":"HRBlock2022.exe","os":"WIN"},{"name":"com.malwarebytes.mbam.frontend.application","os":"OSX"},{"name":"com.logitech.Logi-Options","os":"OSX"},{"name":"com.logitech.manager.daemon","os":"OSX"},{"name":"tt2022.exe","os":"WIN"},{"name":"com.getdropbox.dropbox","os":"OSX"},{"name":"Creativerse.exe","os":"WIN"},{"name":"rf-chrome-nm-host.exe","os":"WIN"},{"name":"connect.exe","os":"WIN"},{"name":"Cabinet Solutions Web Installer.exe","os":"WIN"},{"name":"Cabinet Solutions.exe","os":"WIN"},{"name":"Cabinet Solutions_xshld4.exe","os":"WIN"},{"name":"AuthManSvr.exe","os":"WIN"},{"name":"supporttool.exe","os":"WIN"},{"name":"PtSessionAgent.exe","os":"WIN"},{"name":"AMSPTelemetryService.exef","os":"WIN"},{"name":"Tmsalnstance64.exe","os":"WIN"},{"name":"uiWatchDog.exe","os":"WIN"},{"name":"PwmSvc.exe","os":"WIN"},{"name":"TPSERDILREG.exe","os":"WIN"},{"name":"Stub.exe","os":"WIN"},{"name":"com.moleskine.timeline","os":"OSX"},{"name":"Connectservice.exe","os":"WIN"},{"name":"WISO2023.EXE","os":"WIN"},{"name":"VRNetWorldSW_80411.exe","os":"WIN"},{"name":"VRUpdate.exe","os":"WIN"},{"name":"VRNetWorld.exe","os":"WIN"},{"name":"StarMoney.exe","os":"WIN"},{"name":"StarMoneyOnlineUpdate.exe","os":"WIN"},{"name":"StartStarMoney.exe","os":"WIN"},{"name":"TPSERDLLREG.exe","os":"WIN"},{"name":"com.chiefarchitect.home-designer-suite-2022","os":"OSX"},{"name":"com.worx.landroid-remote-2018","os":"OSX"},{"name":"CrashPlanService.exe","os":"WIN"},{"name":"CrashPlanDesktop.exe","os":"WIN"},{"name":"FluxPlayer.exe","os":"WIN"},{"name":"WISO2022.EXE","os":"WIN"},{"name":"WISO2024.EXE","os":"WIN"},{"name":"SaasAntTransactions.exe","os":"WIN"},{"name":"PulseSetupClient.exe","os":"WIN"},{"name":"PulseSecureService.exe","os":"WIN"},{"name":"com.deere.datamanager.prod","os":"OSX"},{"name":"qw.exe","os":"WIN"},{"name":"ch.protonmail.drive","os":"OSX"},{"name":"me.proton.pass.ios","os":"OSX"},{"name":"io.tailscale.ipn.macos","os":"OSX"},{"name":"desktop.WhatsApp-Helper","os":"OSX"},{"name":"com.ookla.speedtest-macos","os":"OSX"},{"name":"Autofy.exe","os":"WIN"},{"name":"AutofyAutoUpdater.exe","os":"WIN"},{"name":"com.devuap.Typing-Mind-setapp","os":"OSX"},{"name":"com.tdesktop.Telegram","os":"OSX"},{"name":"com.cloudveil.CloudVeilMessenger","os":"OSX"},{"name":"RealFlight64.exe","os":"WIN"},{"name":"RealFlightHelper64.exe","os":"WIN"},{"name":"us.zoom.xos","os":"OSX"},{"name":"ZohoMeetingLauncher.exe","os":"WIN"},{"name":"ZohoMeetinglauncher.exe","os":"WIN"},{"name":"com.shipstation.connect","os":"OSX"},{"name":"snsplash.exe","os":"WIN"},{"name":"com.copilot.production","os":"OSX"},{"name":"io.tailscale.ipn.ios.widgets","os":"OSX"},{"name":"io.tailscale.ios.widget.status","os":"OSX"},{"name":"io.tailscale.ipn.macsys","os":"OSX"},{"name":"io.tailscale.ipn.macsys.network-extension","os":"OSX"},{"name":"DesignSpark.exe","os":"WIN"},{"name":"HRBlock2023.exe","os":"WIN"},{"name":"com.BuhlData.WISOsteuerMac2024","os":"OSX"},{"name":"stman2024.exe","os":"WIN"},{"name":"qtwebengineprocess.exe","os":"WIN"},{"name":"fdx4endpoint.exe","os":"WIN"},{"name":"btspatcher.exe","os":"WIN"},{"name":"btspatch.exe","os":"WIN"},{"name":"btssysteminfo.exe","os":"WIN"},{"name":"steuerhilfe.exe","os":"WIN"},{"name":"com.cisco.anyconnect.gui","os":"OSX"},{"name":"LeapFrogConnectSetup_MagicAdventuresGlobe.exe","os":"WIN"},{"name":"SpardaSecureApp.exe","os":"WIN"},{"name":"com.amazon.codewhisperer","os":"OSX"},{"name":"MeshAgent.exe","os":"WIN"},{"name":"MuseScore4.exe","os":"WIN"},{"name":"SafeVision.exe","os":"WIN"},{"name":"ProcessController.exe","os":"WIN"},{"name":"BackupFP.exe","os":"WIN"},{"name":"ClientTool.exe","os":"WIN"},{"name":"BackupIP.exe","os":"WIN"},{"name":"com.grammarly.ProjectLlama","os":"OSX"},{"name":"vpndownloader.exe","os":"WIN"},{"name":"vpnagent.exe","os":"WIN"},{"name":"vpncli.exe","os":"WIN"},{"name":"vpnmgmttun.exe","os":"WIN"},{"name":"VACon64.exe","os":"WIN"},{"name":"ProxyCon.exe","os":"WIN"},{"name":"LMI_Rescue.exe","os":"WIN"},{"name":"LMI_Rescue-srv.exe","os":"WIN"},{"name":"com.synology.CloudStationUI","os":"OSX"},{"name":"WebScanCapture.exe","os":"WIN"},{"name":"WebScanCapture_LogView.exe","os":"WIN"},{"name":"com.apple.ScreenContinuity","os":"OSX"},{"name":"com.apple.screensharing","os":"OSX"},{"name":"com.apple.wifip2pd","os":"OSX"},{"name":"com.apple.rapport","os":"OSX"},{"name":"com.apple.CMContinuityCapture","os":"OSX"},{"name":"com.apple.RemoteDisplay","os":"OSX"},{"name":"com.apple.xpc","os":"OSX"},{"name":"com.apple.AMPDeviceDiscoveryAgent","os":"OSX"},{"name":"com.apple.bluetooth","os":"OSX"},{"name":"com.apple.awdl","os":"OSX"},{"name":"com.apple.p2p","os":"OSX"},{"name":"com.apple.DriverKit-AppleBCMWLAN","os":"OSX"},{"name":"com.apple.coreservices","os":"OSX"},{"name":"com.apple.LocalAuthentication","os":"OSX"},{"name":"com.apple.sharing","os":"OSX"},{"name":"com.apple.CoreAuthentication","os":"OSX"},{"name":"com.apple.CoreUtils","os":"OSX"},{"name":"com.apple.accounts","os":"OSX"},{"name":"com.apple.WiFiManager","os":"OSX"},{"name":"com.apple.share.AirDrop.send","os":"OSX"},{"name":"rapportd","os":"OSX"},{"name":"com.apple.AppStore","os":"OSX"},{"name":"com.apple.mDNSResponder","os":"OSX"},{"name":"SteinbergActivationManager.exe","os":"WIN"},{"name":"HelpDeskLauncher.exe","os":"WIN"},{"name":"RPCHelpdeskCoreViewer.exe","os":"WIN"},{"name":"RPCHelpdeskDownloader.exe","os":"WIN"},{"name":"RPCHelpdeskFirewall.exe","os":"WIN"},{"name":"RPCHelpDeskFTViewer.exe","os":"WIN"},{"name":"RPCHelpdeskGAE.exe","os":"WIN"},{"name":"RPCHelpDeskUtilityViewer.exe","os":"WIN"},{"name":"RPCHelpdeskViewer.exe","os":"WIN"},{"name":"AppLauncherProgress.exe","os":"WIN"},{"name":"RpcHelpDeskDND_Console.exe","os":"WIN"},{"name":"RPCHelpdeskProxyLatency.exe","os":"WIN"},{"name":"HelpDesk.exe","os":"WIN"},{"name":"RPCHelpDeskDesktop.exe","os":"WIN"},{"name":"RPCHelpDeskDesktopUAC.exe","os":"WIN"},{"name":"RPCHelpDeskDnDConsole.exe","os":"WIN"},{"name":"RPCHelpDeskService.exe","os":"WIN"},{"name":"RPCHelpdeskFTHost.exe","os":"WIN"},{"name":"RPCHelpDeskServiceUAC.exe","os":"WIN"},{"name":"RPCHelpDeskSuite.exe","os":"WIN"},{"name":"RPCHelpDeskUtilityHost.exe","os":"WIN"},{"name":"io.filen.desktop","os":"OSX"},{"name":"io.filen.desktop.helper.Renderer","os":"OSX"},{"name":"io.filen.desktop.helper","os":"OSX"},{"name":"UltraViewer_Service.exe","os":"WIN"},{"name":"openvpnserv2.exe","os":"WIN"},{"name":"openvpnserv.exe","os":"WIN"},{"name":"openvpn.exe","os":"WIN"},{"name":"idwutil_000.exe","os":"WIN"},{"name":"id_sync.exe","os":"WIN"},{"name":"com.apple.mail","os":"OSX"},{"name":"Paratext.exe","os":"WIN"},{"name":"SteinbergMediaBayServer.exe","os":"WIN"},{"name":"SteinbergLicenseEngine.exe","os":"WIN"},{"name":"Steinberg Download Assistant.exe","os":"WIN"},{"name":"CNMNSST2.exe","os":"WIN"},{"name":"SCANUTILITY.exe","os":"WIN"},{"name":"com.governikus.ausweisapp2","os":"OSX"},{"name":"Accountable2You.exe","os":"WIN"},{"name":"butt.exe","os":"WIN"},{"name":"LogMeIn.exe","os":"WIN"},{"name":"join.me.exe","os":"WIN"},{"name":"TeamViewer_Service.exe","os":"WIN"},{"name":"TeamViewer.exe","os":"WIN"},{"name":"LogMeInSystray.exe","os":"WIN"},{"name":"ScreenConnect.WindowsClient.exe","os":"WIN"},{"name":"joinmeUpdaterService.exe","os":"WIN"},{"name":"Bomgar-scc.exe","os":"WIN"},{"name":"tv_w32.exe","os":"WIN"},{"name":"tv_x64.exe","os":"WIN"},{"name":"LMIIgnition.exe","os":"WIN"},{"name":"LMIGuardianSvc.exe","os":"WIN"},{"name":"JumpConnect.exe","os":"WIN"},{"name":"TunnelServer.exe","os":"WIN"},{"name":"SRServerSOS.exe","os":"WIN"},{"name":"Splashtop SOS (4).exe","os":"WIN"},{"name":"SRFeatureSOS.exe","os":"WIN"},{"name":"SRManagerSOS.exe","os":"WIN"},{"name":"SplashtopSOS.exe","os":"WIN"},{"name":"TeamViewer_Servce.exe","os":"WIN"},{"name":"QBW32.EXE","os":"WIN"},{"name":"QBDBMgr.exe","os":"WIN"},{"name":"qbupdate.exe","os":"WIN"},{"name":"hrblock2016.exe","os":"WIN"},{"name":"Download_Quickbooks_Desktop_Pro_2018.exe","os":"WIN"},{"name":"Intuit.QuickBooks.FCS.exe","os":"WIN"},{"name":"QuickBooks.exe","os":"WIN"},{"name":"QBIDPService.exe","os":"WIN"},{"name":"QBWinClient.exe","os":"WIN"},{"name":"peachw.exe","os":"WIN"},{"name":"w3dbsmgr.exe","os":"WIN"},{"name":"w3lgo103.exe","os":"WIN"},{"name":"peachupd.exe","os":"WIN"},{"name":"PeachtreePrefetcher.exe","os":"WIN"},{"name":"SmartPostingService2108.exe","os":"WIN"},{"name":"Manager.exe","os":"WIN"},{"name":"QuickBooksToolsHub.exe","os":"WIN"},{"name":"eset_nod32_antivirus_live_installer.exe","os":"WIN"},{"name":"mbam.exe","os":"WIN"},{"name":"MbamPt.exe","os":"WIN"},{"name":"mbamtray.exe","os":"WIN"},{"name":"MBAMWsc.exe","os":"WIN"},{"name":"MBAMService.exe","os":"WIN"},{"name":"BootHelper.exe","os":"WIN"},{"name":"eset_smart_security_premium_live_installer.exe","os":"WIN"},{"name":"delegate.exe","os":"WIN"},{"name":"install.exe","os":"WIN"},{"name":"SUPERANTISPYWARE.EXE","os":"WIN"},{"name":"FortiClient.exe","os":"WIN"},{"name":"FortiESNAC.exe","os":"WIN"},{"name":"fortifws.exe","os":"WIN"},{"name":"FortiProxy.exe","os":"WIN"},{"name":"FortiSettings.exe","os":"WIN"},{"name":"FortiSSLVPNdaemon.exe","os":"WIN"},{"name":"FortiTcs.exe","os":"WIN"},{"name":"FortiTray.exe","os":"WIN"},{"name":"FortiWF.exe","os":"WIN"},{"name":"CarboniteUI.exe","os":"WIN"},{"name":"CarboniteService.exe","os":"WIN"},{"name":"bzdoinstall.exe","os":"WIN"},{"name":"bztransmit64.exe","os":"WIN"},{"name":"bzbui.exe","os":"WIN"},{"name":"bzfilelist.exe","os":"WIN"},{"name":"bzserv.exe","os":"WIN"},{"name":"bztransmit.exe","os":"WIN"},{"name":"rclone.exe","os":"WIN"},{"name":"qBackup.exe","os":"WIN"},{"name":"ReflectDLHT.exe","os":"WIN"},{"name":"Reflect.exe","os":"WIN"},{"name":"ReflectBin.exe","os":"WIN"},{"name":"ReflectMonitor.exe","os":"WIN"},{"name":"ReflectUI.exe","os":"WIN"},{"name":"ReflectDLHF.exe","os":"WIN"},{"name":"reflectdlfull.exe","os":"WIN"},{"name":"MacriumService.exe","os":"WIN"},{"name":"ReflectUpdater.exe","os":"WIN"},{"name":"DbxSvc.exe","os":"WIN"},{"name":"Dropbox.exe","os":"WIN"},{"name":"OneDrive.exe","os":"WIN"},{"name":"onedrive.exe","os":"WIN"},{"name":"BoxSync.exe","os":"WIN"},{"name":"SugarSync.exe","os":"WIN"},{"name":"googledrivesync.exe","os":"WIN"},{"name":"QBoxClient.exe","os":"WIN"},{"name":"id_idle_stat.exe","os":"WIN"},{"name":"idwutil_600.exe","os":"WIN"},{"name":"idevsutil.exe","os":"WIN"},{"name":"GOOGLE~1.EXE","os":"WIN"},{"name":"odrive.exe","os":"WIN"},{"name":"odriveapp.exe","os":"WIN"},{"name":"dropbox.exe","os":"WIN"},{"name":"Slack.exe","os":"WIN"},{"name":"whatsapp.exe","os":"WIN"},{"name":"mysms.exe","os":"WIN"},{"name":"Discord.exe","os":"WIN"},{"name":"Signal.exe","os":"WIN"},{"name":"WhatsApp.exe","os":"WIN"},{"name":"ONENOTE.EXE","os":"WIN"},{"name":"ONENOTEM.EXE","os":"WIN"},{"name":"GrammarlyForWindows.exe","os":"WIN"},{"name":"GroundControl.exe","os":"WIN"},{"name":"groundcontrolconsole.exe","os":"WIN"},{"name":"nplastpass.exe","os":"WIN"},{"name":"ryver.exe","os":"WIN"},{"name":"git.exe","os":"WIN"},{"name":"Stardraw Design 7.exe","os":"WIN"},{"name":"Stardraw Updater.exe","os":"WIN"},{"name":"FedEx Web Tools.exe","os":"WIN"},{"name":"Wunderlist.exe","os":"WIN"},{"name":"twist.exe","os":"WIN"},{"name":"Skype.exe","os":"WIN"},{"name":"SkypeHost.exe","os":"WIN"},{"name":"SkypeBrowserHost.exe","os":"WIN"},{"name":"EaseGuard.exe","os":"WIN"},{"name":"SkypeApp.exe","os":"WIN"},{"name":"EXCEL.EXE","os":"WIN"},{"name":"AFMG Licence Manager.exe","os":"WIN"},{"name":"vs_installer.exe","os":"WIN"},{"name":"PLTHub.exe","os":"WIN"},{"name":"AcroRd32.exe","os":"WIN"},{"name":"readerdc_en_xa_cra_install.exe *32","os":"WIN"},{"name":"timecamp.exe","os":"WIN"},{"name":"vs_installershell.exe","os":"WIN"},{"name":"vs_installerservice.exe","os":"WIN"},{"name":"Chief Architect Premier X9.exe","os":"WIN"},{"name":"Fusion360.exe","os":"WIN"},{"name":"QuickBooksMessaging.exe","os":"WIN"},{"name":"FusionLauncher.exe","os":"WIN"},{"name":"JohnDeere Data Manager.exe","os":"WIN"},{"name":"fiddler.exe","os":"WIN"},{"name":"Chief Architect Premier X10.exe","os":"WIN"},{"name":"Adobe Desktop Service.exe","os":"WIN"},{"name":"AdobeUpdateService.exe","os":"WIN"},{"name":"trello.exe","os":"WIN"},{"name":"EaseDataBaseUpdate.exe","os":"WIN"},{"name":"readerdc_en_ka_crd_install.exe","os":"WIN"},{"name":"WINWORD.EXE","os":"WIN"},{"name":"Windows10UpgraderApp.exe","os":"WIN"},{"name":"AdobeIPCBroker.exe","os":"WIN"},{"name":"NeatImageCaptureWrapper.exe","os":"WIN"},{"name":"Neat.exe","os":"WIN"},{"name":"acad.exe","os":"WIN"},{"name":"Printable Postage.exe","os":"WIN"},{"name":"DymoPnpService.exe","os":"WIN"},{"name":"MsMpEng.exe","os":"WIN"},{"name":"svchost.exe","os":"WIN"},{"name":"SourceTree.exe","os":"WIN"},{"name":"mintty.exe","os":"WIN"},{"name":"vmwareplayer.exe","os":"WIN"},{"name":"vmware-vmx.exe","os":"WIN"},{"name":"vmplayer.exe","os":"WIN"},{"name":"msvsmon.exe","os":"WIN"},{"name":"nbrplay.exe","os":"WIN"},{"name":"DX1.Win32.Bridge.exe","os":"WIN"},{"name":"Dx1ForWindows10.exe","os":"WIN"},{"name":"GoogleEarthProSetup.exe","os":"WIN"},{"name":"creator-ws.exe","os":"WIN"},{"name":"updater-ws.exe","os":"WIN"},{"name":"ws.exe","os":"WIN"},{"name":"Chief Architect Premier X11.exe","os":"WIN"},{"name":"php.exe","os":"WIN"},{"name":"ubuntu.exe","os":"WIN"},{"name":"wslhoste.exe","os":"WIN"},{"name":"WinStore.App.exe","os":"WIN"},{"name":"Mobirise.exe","os":"WIN"},{"name":"httpd.exe","os":"WIN"},{"name":"studio64.exe","os":"WIN"},{"name":"elevator.exe","os":"WIN"},{"name":"thinkorswim.exe","os":"WIN"},{"name":"readerdc_en_fb_install.exe","os":"WIN"},{"name":"Adobe Installer.exe","os":"WIN"},{"name":"CefSharp.Browser.Subprocess.exe","os":"WIN"},{"name":"ProPresenter.exe","os":"WIN"},{"name":"QBFDT.EXE","os":"WIN"},{"name":"adb.exe","os":"WIN"},{"name":"Postman.exe","os":"WIN"},{"name":"pwecsrvc.exe","os":"WIN"},{"name":"AIRobin.exe","os":"WIN"},{"name":"Illustrator.exe","os":"WIN"},{"name":"Q-Sys Administrator.exe","os":"WIN"},{"name":"Authhost.exe","os":"WIN"},{"name":"ControlCockpit.Application.ServiceHost.exe","os":"WIN"},{"name":"ControlCockpit.Application.SystemTray.exe","os":"WIN"},{"name":"Lightspeed Hub.exe","os":"WIN"},{"name":"MaXUC.exe","os":"WIN"},{"name":"sketchup_webhelper.exe","os":"WIN"},{"name":"SketchUp.exe","os":"WIN"},{"name":"RadarScope.exe","os":"WIN"},{"name":"pwahelper.exe","os":"WIN"},{"name":"1password.exe","os":"WIN"},{"name":"com.nordvpn.macos.teams","os":"OSX"},{"name":"Odeon.exe","os":"WIN"},{"name":"Teams.exe","os":"WIN"},{"name":"MobaXterm.exe","os":"WIN"},{"name":"Vectorworks2024.exe","os":"WIN"},{"name":"Vectorworks Cloud Services Background Service.exe","os":"WIN"},{"name":"Vectorworks Cloud Services.exe","os":"WIN"},{"name":"Vectorworks 2024 Updater.exe","os":"WIN"},{"name":"iTunes.exe","os":"WIN"},{"name":"iTunesHelper.exe","os":"WIN"},{"name":"LYNXPlayer.exe","os":"WIN"},{"name":"OUTLOOK.EXE","os":"WIN"},{"name":"MailClient.exe *32","os":"WIN"},{"name":"HxOutlook.exe","os":"WIN"},{"name":"MailClient.exe","os":"WIN"},{"name":"wlcomm.exe","os":"WIN"},{"name":"zoom.exe","os":"WIN"},{"name":"com.apple.Music","os":"OSX"},{"name":"javaw.exe","os":"WIN"},{"name":"jxbrowser-chromium.exe","os":"WIN"},{"name":"CSWebDownload.exe","os":"WIN"},{"name":"jetbrains-toolbox.exe","os":"WIN"}],"BlockedApplications":[{"name":"Telegram.exe","os":"WIN"},{"name":"unigram.exe","os":"WIN"},{"name":"OneClickDownloader.exe","os":"WIN"},{"name":"com.apple.TV","os":"OSX"}]}