{"ConfiguredLists":[{"ListType":"Blacklist","RelativeListPath":"\/default\/adult_abortion\/rules.txt"},{"ListType":"Blacklist","RelativeListPath":"\/default\/adult_child_inappropriate\/rules.txt"},{"ListType":"Blacklist","RelativeListPath":"\/default\/adult_gay_lesbian_bisexual\/rules.txt"},{"ListType":"Blacklist","RelativeListPath":"\/default\/adult_lingerie\/rules.txt"},{"ListType":"Blacklist","RelativeListPath":"\/default\/adult_nudity\/rules.txt"},{"ListType":"Blacklist","RelativeListPath":"\/default\/adult_pornography\/rules.txt"},{"ListType":"Blacklist","RelativeListPath":"\/default\/adult_profanity\/rules.txt"},{"ListType":"Blacklist","RelativeListPath":"\/default\/adult_r_rated\/rules.txt"},{"ListType":"Blacklist","RelativeListPath":"\/default\/adult_sex_education\/rules.txt"},{"ListType":"Blacklist","RelativeListPath":"\/default\/adult_sex_erotic\/rules.txt"},{"ListType":"Blacklist","RelativeListPath":"\/default\/criminal_child_abuse_images\/rules.txt"},{"ListType":"Blacklist","RelativeListPath":"\/default\/criminal_hacking\/rules.txt"},{"ListType":"Blacklist","RelativeListPath":"\/default\/criminal_hate_speech\/rules.txt"},{"ListType":"Blacklist","RelativeListPath":"\/default\/criminal_illegal_drugs\/rules.txt"},{"ListType":"Blacklist","RelativeListPath":"\/default\/criminal_other\/rules.txt"},{"ListType":"Blacklist","RelativeListPath":"\/default\/criminal_piracy_copyright_theft\/rules.txt"},{"ListType":"Blacklist","RelativeListPath":"\/default\/criminal_self_harm\/rules.txt"},{"ListType":"Blacklist","RelativeListPath":"\/default\/criminal_skills\/rules.txt"},{"ListType":"Blacklist","RelativeListPath":"\/default\/criminal_torrent_repository\/rules.txt"},{"ListType":"Blacklist","RelativeListPath":"\/default\/dynamic_social_networking\/rules.txt"},{"ListType":"Blacklist","RelativeListPath":"\/default\/entertainment_entertainment_news_celibrity\/rules.txt"},{"ListType":"Blacklist","RelativeListPath":"\/default\/entertainment_movies\/rules.txt"},{"ListType":"Blacklist","RelativeListPath":"\/default\/entertainment_music\/rules.txt"},{"ListType":"Blacklist","RelativeListPath":"\/default\/entertainment_streaming_downloadable_audio\/rules.txt"},{"ListType":"Blacklist","RelativeListPath":"\/default\/entertainment_streaming_downloadable_video\/rules.txt"},{"ListType":"Blacklist","RelativeListPath":"\/default\/entertainment_television\/rules.txt"},{"ListType":"Blacklist","RelativeListPath":"\/default\/fashion_body_art\/rules.txt"},{"ListType":"Blacklist","RelativeListPath":"\/default\/hobbies_interests_radio\/rules.txt"},{"ListType":"Blacklist","RelativeListPath":"\/default\/hobbies_interests_sci-fi_fantasy\/rules.txt"},{"ListType":"Blacklist","RelativeListPath":"\/default\/hobbies_interests_video_computer_games\/rules.txt"},{"ListType":"Blacklist","RelativeListPath":"\/default\/lifestyle_dating_relationships\/rules.txt"},{"ListType":"Blacklist","RelativeListPath":"\/default\/lifestyle_divorce_support\/rules.txt"},{"ListType":"Blacklist","RelativeListPath":"\/default\/lifestyle_teens\/rules.txt"},{"ListType":"Blacklist","RelativeListPath":"\/default\/malicious_ad_fraud\/rules.txt"},{"ListType":"Blacklist","RelativeListPath":"\/default\/malicious_bot_net\/rules.txt"},{"ListType":"Blacklist","RelativeListPath":"\/default\/malicious_command_control_center\/rules.txt"},{"ListType":"Blacklist","RelativeListPath":"\/default\/malicious_compromised_links_to_malware\/rules.txt"},{"ListType":"Blacklist","RelativeListPath":"\/default\/malicious_malware_call_home\/rules.txt"},{"ListType":"Blacklist","RelativeListPath":"\/default\/malicious_malware_distribution_point\/rules.txt"},{"ListType":"Blacklist","RelativeListPath":"\/default\/malicious_phishing_fraud\/rules.txt"},{"ListType":"Blacklist","RelativeListPath":"\/default\/malicious_spam_urls\/rules.txt"},{"ListType":"Blacklist","RelativeListPath":"\/default\/malicious_spyware_questionable_software\/rules.txt"},{"ListType":"Blacklist","RelativeListPath":"\/default\/news_portal_search_image_search\/rules.txt"},{"ListType":"Blacklist","RelativeListPath":"\/default\/news_portal_search_magazines\/rules.txt"},{"ListType":"Blacklist","RelativeListPath":"\/default\/science_astrology_horoscopes\/rules.txt"},{"ListType":"Blacklist","RelativeListPath":"\/default\/search_engines\/rules.txt"},{"ListType":"Blacklist","RelativeListPath":"\/default\/sports\/rules.txt"},{"ListType":"Blacklist","RelativeListPath":"\/default\/sports_auto_racing\/rules.txt"},{"ListType":"Blacklist","RelativeListPath":"\/default\/sports_baseball\/rules.txt"},{"ListType":"Blacklist","RelativeListPath":"\/default\/sports_boxing\/rules.txt"},{"ListType":"Blacklist","RelativeListPath":"\/default\/sports_cheerleading\/rules.txt"},{"ListType":"Blacklist","RelativeListPath":"\/default\/sports_football\/rules.txt"},{"ListType":"Blacklist","RelativeListPath":"\/default\/sports_golf\/rules.txt"},{"ListType":"Blacklist","RelativeListPath":"\/default\/sports_nascar_racing\/rules.txt"},{"ListType":"Blacklist","RelativeListPath":"\/default\/sports_pro_basketball\/rules.txt"},{"ListType":"Blacklist","RelativeListPath":"\/default\/sports_pro_ice_hockey\/rules.txt"},{"ListType":"Blacklist","RelativeListPath":"\/default\/sports_rodeo\/rules.txt"},{"ListType":"Blacklist","RelativeListPath":"\/default\/sports_world_soccer\/rules.txt"},{"ListType":"BypassList","RelativeListPath":"\/default\/whitelist\/rules.txt"},{"ListType":"TextTrigger","RelativeListPath":"\/default\/en_porn\/triggers.txt"},{"ListType":"Whitelist","RelativeListPath":"\/default\/manager_whitelist\/rules.txt"},{"ListType":"Blacklist","RelativeListPath":"\/default\/google_image_blocking\/rules.txt"},{"ListType":"Blacklist","RelativeListPath":"\/default\/google_video_blocking\/rules.txt"},{"ListType":"TextTrigger","RelativeListPath":"\/default\/en_amazon\/triggers.txt"},{"ListType":"TextTrigger","RelativeListPath":"\/default\/en_ebay\/triggers.txt"},{"ListType":"Blacklist","RelativeListPath":"\/default\/craigslist_personals\/rules.txt"},{"ListType":"Blacklist","RelativeListPath":"\/default\/backpage_personals\/rules.txt"},{"ListType":"Blacklist","RelativeListPath":"\/default\/your_filter_is_working\/rules.txt"},{"ListType":"Blacklist","RelativeListPath":"\/default\/whitelist_vimeo_ref\/rules.txt"},{"ListType":"Whitelist","RelativeListPath":"\/default\/google_maps\/rules.txt"},{"ListType":"Whitelist","RelativeListPath":"\/default\/whitelist_for_relaxed_policy_videos\/rules.txt"},{"ListType":"Whitelist","RelativeListPath":"\/default\/relaxed_policy_videos\/rules.txt"}],"UpdateFrequency":120,"PrimaryDns":"104.248.104.66","SecondaryDns":"198.58.111.139","CannotTerminate":false,"BlockInternet":false,"UseThreshold":false,"ThresholdLimit":0,"ThresholdTriggerPeriod":0,"ThresholdTimeoutPeriod":0,"BypassesPermitted":3,"BypassDuration":30,"NlpThreshold":0,"MaxTextTriggerScanningSize":3,"UpdateChannel":"Beta","ReportLevel":0,"WhitelistedApplications":["MSOSYNC.EXE","mstsc.exe","assistant.exe","MsSense.exe","GoogleUpdate.exe","GoogleUpdateSetup.exe","Airdroid.exe","InScribe6.exe","HxTsr.exe","Gs-server.exe","nis.exe","egui.exe","ekrn.exe","concentr.exe","wfcrun32.exe","redirector.exe","SelfService.exe","SelfServicePlugin.exe","Receiver.exe","wfica32.exe","Sync-taskbar.exe","Sync-worker.exe","sihost.exe","smartscreen.exe","lync.exe","PluginHost.exe","lynchtmlconv.exe","wintac.mde","PlanSwift.exe","sh10.exe","atmgr.exe","WSCommCntr4.exe","AdAppMgrSvc.exe","sqlservr.exe","sqlwriter.exe","sqlbrowser.exe","epag.exe","EndpointService.exe","EndpointIntegration.exe","Console.exe","UpdateService.exe","AGSService.exe","AdCefWebBrowser.exe","Srfeature.exe","summit.exe","summitDbUpd.exe","Updater.exe","adexmtsv.exe","screencast.exe","PROFILE.EXE","pageant.exe","photographicdesigner.exe","Git-remote-https.exe","7z.exe","7za.exe","elevate.exe","Jobber.exe","robotaskbaricon.exe","SRServer.exe","SRManager.exe","SRFeature.exe","SRService.exe","nbrplayer.exe","msiexec.exe","a2guard.exe","a2service.exe","a2start.exe","ALsvc.exe","ALMon.exe","McsAgent.exe","McsClient.exe","AppleMobileDeviceHelper.exe","Roadlog Sync App.exe","PDVD10Serv.exe","avp.exe","vpnui.exe","jp2launcher.exe","auajw.exe","aua.exe","bjW.exe","nw.exe","LibreViewDeviceDrivers.2.1.6.exe","LMU.exe","AutodeskDesktopApp.exe","DLMSession.exe","Inventor.exe","ramaint.exe","raabout.exe","LogMeInRescue.exe","rescue.exe","DropboxUpdate.exe","DropboxInstaller.exe","HRBlock2017.exe","UpdateMgr.exe","TaxAct17.exe","auctionflex.exe","TurboTax.exe","TurboTaxUtility.exe","X-Plane 11 Installer.exe","Home designer pro 2018.exe","Accordance.exe","softplan.exe","ValidatorA2U.exe","chromesetup.exe","armsvc.exe","Bootcamp.exe","vmtoolsd.exe","vmacthlp.exe","VGAuthService.exe","AppleOSSMgr.exe","PCST.exe","MyGeniusClient.exe","Home Designer Pro 2019.exe","CricutBridge4.exe","CricutLauncher4.exe","Field Manager Pro Desktop.exe","Silhouette studio.exe","SilhouetteLinkServer.32.exe","ApplePhotoStreams.exe","iCloud.exe","iCloudDrive.exe","iCloudServices.exe","iCloudPhotos.exe","Multi.exe","officeclicktorun.exe","AppleMobileDeviceServices.exe","AppleOutlookDAVConfig.exe","Home Designer Architectural 2019.exe","AmazonGSDownloaderSetup.exe","AmazonGSDownloaderService.exe","AmazonGSDownloaderTray.exe","GoodSync-v10.exe","setup-stub.exe","GoogleDriveFS.exe","remote_assistance_host.exe","conhost.exe","remoting_host.exe","remoting_native_messaging_host.exe","cmd.exe","Cloud Sticky Notes.exe","CareLinkUploader-ACC-7350-2.0.048.000-windows-installer.exe","streamer.exe","installbackupandsync.exe","nortonsecurity.exe","NortonNSDownloader.exe","bdagent.exe","bdredline.exe","bdwxtag.exe","updatesrv.exe","ProductAgentService.exe","vsservp.exe","DevMgmtService.exe","seccenter.exe","ProductAgentUI.exe","mediacreationtool1803.exe","Emma.exe","XperiaCompanion.exe","XperiaCompanionAgent.exe","SPDownloadUtility.exe","LFLauncher.exe","LFHelper.exe","LeapFrogConnect2.exe","racefp.exe","DSUpdate.exe","thunderbird.exe *32","thunderbird.exe","g2mcomm.exe","g2mlauncher.exe","g2mstart.exe","washservernet.exe","brackets.exe","CodeHelper.exe","RuntimeBroker.exe","Keeper.exe","GoogleCrashHandler64.exe","GoogleCrashHandler.exe","x264-r2901-7d0ff22.exe","flashplayer31pp_jd_install.exe","LSB.exe","canary.exe","readerdc_en_xa_cra_install.exe","BASupSrvcCnfg.exe","idwutil_610.exe","uiWinMgr.exe","uiUpdateTray.exe","coreServiceShell.exe","coreFrameworkHost.exe","uiSeAgnt.exe","TpKnrres.exe","TisEzIns.exe","DrSDKCaller.exe","Local by Flywheel.exe","Local-Flywheel-WinNFSd.exe","DesktopDPO.exe","atom.exe","node.exe","qbpatch2.exe","tconnect Uploader.exe","aspex_helper.exe","ptt.exe *32","SentinelAgent.exe","SentinelBrowserNativeHost.exe","SentinelServiceHost.exe","SentinelStaticEngine.exe","SentinelStaticEngineScanner.exe","ss_bluetooth.exe","ptt.exe","PVStudio.exe","g2comm.exe","g2pre.exe","g2svc.exe","architect.exe","mysqld.exe","laragon.exe","ib_bglaunch.exe","ib_service.exe","ib_tray.exe","ib_win.exe","Moneydance.exe","Sage50Accounting.exe","TrGUI.exe","TracSrvWrapper.exe","sfagent.exe","Office.exe","CloudVeilMessenger.exe","notebook.exe","php-cgi.exe","HRBlock2018.exe","HRBlockSwMgr.exe","HRBlockSWmgr2.exe","HRBlockSWMgrAsst.exe","TogglDesktop.exe","Zoiper5.exe","mysabre.exe","Code.exe","JumpClient.exe","node","AcSettingSync.exe","acwebbrowser.exe","AcWebBrowser.exe","QBOWinsubproc.exe","com.tinyspeck.slackmacgap","LogMeIn.exe","join.me.exe","TeamViewer_Service.exe","TeamViewer.exe","LogMeInSystray.exe","ScreenConnect.WindowsClient.exe","joinmeUpdaterService.exe","Bomgar-scc.exe","tv_w32.exe","tv_x64.exe","LMIIgnition.exe","LMIGuardianSvc.exe","JumpConnect.exe","TunnelServer.exe","TeamViewer_Servce.exe","QBW32.EXE","QBDBMgr.exe","qbupdate.exe","QBCFMonitorService.exe","hrblock2016.exe","Download_Quickbooks_Desktop_Pro_2018.exe","Intuit.QuickBooks.FCS.exe","QuickBooks.exe","QBIDPService.exe","QBWinClient.exe","peachw.exe","w3dbsmgr.exe","w3lgo103.exe","peachupd.exe","PeachtreePrefetcher.exe","SmartPostingService2108.exe","Manager.exe","eset_nod32_antivirus_live_installer.exe","mbam.exe","MbamPt.exe","mbamtray.exe","MBAMWsc.exe","MBAMService.exe","BootHelper.exe","eset_smart_security_premium_live_installer.exe","delegate.exe","install.exe","CarboniteUI.exe","CarboniteService.exe","bzdoinstall.exe","bztransmit64.exe","bzbui.exe","bzfilelist.exe","bzserv.exe","bztransmit.exe","rclone.exe","qBackup.exe","ReflectDLHT.exe","Reflect.exe","ReflectBin.exe","ReflectMonitor.exe","ReflectUI.exe","ReflectDLHF.exe","reflectdlfull.exe","DbxSvc.exe","Dropbox.exe","OneDrive.exe","dropbox.exe","onedrive.exe","BoxSync.exe","SugarSync.exe","googledrivesync.exe","QBoxClient.exe","id_win.exe","id_service.exe","id_bglaunch.exe","id_tray.exe","id_idle_stat.exe","id_sync.exe","idwutil_600.exe","idevsutil.exe","Telegram.exe","Slack.exe","whatsapp.exe","mysms.exe","qw.exe","ONENOTE.EXE","ONENOTEM.EXE","GrammarlyForWindows.exe","GroundControl.exe","groundcontrolconsole.exe","nplastpass.exe","ryver.exe","git.exe","Stardraw Design 7.exe","Stardraw Updater.exe","FedEx Web Tools.exe","Accountable2You.exe","Wunderlist.exe","twist.exe","Skype.exe","SkypeHost.exe","SkypeBrowserHost.exe","EaseGuard.exe","SkypeApp.exe","EXCEL.EXE","AFMG Licence Manager.exe","vs_installer.exe","googleearth.exe","PLTHub.exe","AcroRd32.exe","readerdc_en_xa_cra_install.exe *32","timecamp.exe","vs_installershell.exe","vs_installerservice.exe","Chief Architect Premier X9.exe","Fusion360.exe","QuickBooksMessaging.exe","FusionLauncher.exe","JohnDeere Data Manager.exe","fiddler.exe","Chief Architect Premier X10.exe","Adobe Desktop Service.exe","Adobe DEF Helper.exe","AdobeUpdateService.exe","trello.exe","EaseDataBaseUpdate.exe","readerdc_en_ka_crd_install.exe","WINWORD.EXE","Windows10UpgraderApp.exe","AdobeIPCBroker.exe","NeatImageCaptureWrapper.exe","Neat.exe","acad.exe","Printable Postage.exe","DymoPnpService.exe","MsMpEng.exe","NisSrv.exe","svchost.exe","SourceTree.exe","WinStore.App.exe","mintty.exe","vmwareplayer.exe","vmware-vmx.exe","vmplayer.exe","msvsmon.exe","nbrplay.exe","DX1.Win32.Bridge.exe","Dx1ForWindows10.exe","GoogleEarthProSetup.exe","creator-ws.exe","updater-ws.exe","ws.exe","LMI_Rescue.exe","Chief Architect Premier X11.exe","php.exe","ubuntu.exe","wslhoste.exe","Putty.exe","MobaXterm.exe","devenv.exe","iTunes.exe","iTunesHelper.exe","OUTLOOK.EXE","MailClient.exe *32","HxOutlook.exe","MailClient.exe","wlcomm.exe","wlmail.exe","zoom.exe","javaw.exe","jxbrowser-chromium.exe","CSWebDownload.exe"]}