{"ConfiguredLists":[{"ListType":"Blacklist","RelativeListPath":"\/default\/adult_abortion\/rules.txt"},{"ListType":"Blacklist","RelativeListPath":"\/default\/adult_child_inappropriate\/rules.txt"},{"ListType":"Blacklist","RelativeListPath":"\/default\/adult_gay_lesbian_bisexual\/rules.txt"},{"ListType":"Blacklist","RelativeListPath":"\/default\/adult_lingerie\/rules.txt"},{"ListType":"Blacklist","RelativeListPath":"\/default\/adult_nudity\/rules.txt"},{"ListType":"Blacklist","RelativeListPath":"\/default\/adult_pornography\/rules.txt"},{"ListType":"TextTrigger","RelativeListPath":"\/default\/adult_pornography\/triggers.txt"},{"ListType":"Blacklist","RelativeListPath":"\/default\/adult_profanity\/rules.txt"},{"ListType":"Blacklist","RelativeListPath":"\/default\/adult_r_rated\/rules.txt"},{"ListType":"Blacklist","RelativeListPath":"\/default\/adult_sex_education\/rules.txt"},{"ListType":"Blacklist","RelativeListPath":"\/default\/adult_sex_erotic\/rules.txt"},{"ListType":"Blacklist","RelativeListPath":"\/default\/criminal_child_abuse_images\/rules.txt"},{"ListType":"Blacklist","RelativeListPath":"\/default\/criminal_hacking\/rules.txt"},{"ListType":"Blacklist","RelativeListPath":"\/default\/criminal_hate_speech\/rules.txt"},{"ListType":"Blacklist","RelativeListPath":"\/default\/criminal_illegal_drugs\/rules.txt"},{"ListType":"Blacklist","RelativeListPath":"\/default\/criminal_other\/rules.txt"},{"ListType":"Blacklist","RelativeListPath":"\/default\/criminal_piracy_copyright_theft\/rules.txt"},{"ListType":"Blacklist","RelativeListPath":"\/default\/criminal_self_harm\/rules.txt"},{"ListType":"Blacklist","RelativeListPath":"\/default\/criminal_skills\/rules.txt"},{"ListType":"Blacklist","RelativeListPath":"\/default\/criminal_torrent_repository\/rules.txt"},{"ListType":"Blacklist","RelativeListPath":"\/default\/dynamic_photo_sharing\/rules.txt"},{"ListType":"Blacklist","RelativeListPath":"\/default\/entertainment_entertainment_news_celibrity\/rules.txt"},{"ListType":"Blacklist","RelativeListPath":"\/default\/entertainment_movies\/rules.txt"},{"ListType":"Blacklist","RelativeListPath":"\/default\/entertainment_music\/rules.txt"},{"ListType":"Blacklist","RelativeListPath":"\/default\/entertainment_streaming_downloadable_audio\/rules.txt"},{"ListType":"Blacklist","RelativeListPath":"\/default\/entertainment_television\/rules.txt"},{"ListType":"Blacklist","RelativeListPath":"\/default\/fashion_body_art\/rules.txt"},{"ListType":"Blacklist","RelativeListPath":"\/default\/fashion_jewelry\/rules.txt"},{"ListType":"Blacklist","RelativeListPath":"\/default\/fashion_swimsuits\/rules.txt"},{"ListType":"Blacklist","RelativeListPath":"\/default\/hobbies_interests_radio\/rules.txt"},{"ListType":"Blacklist","RelativeListPath":"\/default\/hobbies_interests_sci-fi_fantasy\/rules.txt"},{"ListType":"Blacklist","RelativeListPath":"\/default\/hobbies_interests_video_computer_games\/rules.txt"},{"ListType":"Blacklist","RelativeListPath":"\/default\/lifestyle_dating_relationships\/rules.txt"},{"ListType":"Blacklist","RelativeListPath":"\/default\/lifestyle_divorce_support\/rules.txt"},{"ListType":"Blacklist","RelativeListPath":"\/default\/lifestyle_teens\/rules.txt"},{"ListType":"Blacklist","RelativeListPath":"\/default\/malicious_ad_fraud\/rules.txt"},{"ListType":"Blacklist","RelativeListPath":"\/default\/malicious_bot_net\/rules.txt"},{"ListType":"Blacklist","RelativeListPath":"\/default\/malicious_command_control_center\/rules.txt"},{"ListType":"Blacklist","RelativeListPath":"\/default\/malicious_compromised_links_to_malware\/rules.txt"},{"ListType":"Blacklist","RelativeListPath":"\/default\/malicious_malware_call_home\/rules.txt"},{"ListType":"Blacklist","RelativeListPath":"\/default\/malicious_malware_distribution_point\/rules.txt"},{"ListType":"Blacklist","RelativeListPath":"\/default\/malicious_phishing_fraud\/rules.txt"},{"ListType":"Blacklist","RelativeListPath":"\/default\/malicious_spam_urls\/rules.txt"},{"ListType":"Blacklist","RelativeListPath":"\/default\/malicious_spyware_questionable_software\/rules.txt"},{"ListType":"Blacklist","RelativeListPath":"\/default\/science_astrology_horoscopes\/rules.txt"},{"ListType":"Blacklist","RelativeListPath":"\/default\/search_engines\/rules.txt"},{"ListType":"Blacklist","RelativeListPath":"\/default\/sports\/rules.txt"},{"ListType":"Blacklist","RelativeListPath":"\/default\/sports_auto_racing\/rules.txt"},{"ListType":"Blacklist","RelativeListPath":"\/default\/sports_baseball\/rules.txt"},{"ListType":"Blacklist","RelativeListPath":"\/default\/sports_boxing\/rules.txt"},{"ListType":"Blacklist","RelativeListPath":"\/default\/sports_cheerleading\/rules.txt"},{"ListType":"Blacklist","RelativeListPath":"\/default\/sports_football\/rules.txt"},{"ListType":"Blacklist","RelativeListPath":"\/default\/sports_golf\/rules.txt"},{"ListType":"Blacklist","RelativeListPath":"\/default\/sports_nascar_racing\/rules.txt"},{"ListType":"Blacklist","RelativeListPath":"\/default\/sports_pro_basketball\/rules.txt"},{"ListType":"Blacklist","RelativeListPath":"\/default\/sports_pro_ice_hockey\/rules.txt"},{"ListType":"Blacklist","RelativeListPath":"\/default\/sports_rodeo\/rules.txt"},{"ListType":"Blacklist","RelativeListPath":"\/default\/sports_world_soccer\/rules.txt"},{"ListType":"TextTrigger","RelativeListPath":"\/default\/en_porn\/triggers.txt"},{"ListType":"Whitelist","RelativeListPath":"\/default\/manager_whitelist\/rules.txt"},{"ListType":"Blacklist","RelativeListPath":"\/default\/google_image_blocking\/rules.txt"},{"ListType":"Blacklist","RelativeListPath":"\/default\/google_video_blocking\/rules.txt"},{"ListType":"TextTrigger","RelativeListPath":"\/default\/en_amazon\/triggers.txt"},{"ListType":"TextTrigger","RelativeListPath":"\/default\/en_ebay\/triggers.txt"},{"ListType":"Blacklist","RelativeListPath":"\/default\/craigslist_personals\/rules.txt"},{"ListType":"Blacklist","RelativeListPath":"\/default\/backpage_personals\/rules.txt"},{"ListType":"Blacklist","RelativeListPath":"\/default\/your_filter_is_working\/rules.txt"},{"ListType":"Blacklist","RelativeListPath":"\/default\/whitelist_vimeo_ref\/rules.txt"},{"ListType":"Blacklist","RelativeListPath":"\/default\/blacklist_all_sites\/rules.txt"},{"ListType":"Blacklist","RelativeListPath":"\/default\/relaxed_policy_videos\/rules.txt"},{"ListType":"Whitelist","RelativeListPath":"\/default\/nationwide_fellowship\/rules.txt"}],"UpdateFrequency":10,"PrimaryDns":"198.58.111.139","SecondaryDns":"104.248.104.66","CannotTerminate":false,"BlockInternet":false,"UseThreshold":false,"ThresholdLimit":3,"ThresholdTriggerPeriod":3,"ThresholdTimeoutPeriod":3,"BypassesPermitted":25,"BypassDuration":15,"NlpThreshold":null,"MaxTextTriggerScanningSize":3,"UpdateChannel":"Stable","ReportLevel":0,"WhitelistedApplications":["LogMeIn.exe","join.me.exe","TeamViewer_Service.exe","TeamViewer.exe","LogMeInSystray.exe","ScreenConnect.WindowsClient.exe","joinmeUpdaterService.exe","Bomgar-scc.exe","tv_w32.exe","tv_x64.exe","LMIIgnition.exe","LMIGuardianSvc.exe","JumpConnect.exe","ramaint.exe","raabout.exe","LogMeInRescue.exe","rescue.exe","Bootcamp.exe","remote_assistance_host.exe","conhost.exe","remoting_host.exe","remoting_native_messaging_host.exe","g2mcomm.exe","g2mlauncher.exe","g2mstart.exe","TunnelServer.exe","BASupSrvcCnfg.exe","TeamViewer_Servce.exe","g2comm.exe","g2pre.exe","g2svc.exe","JumpClient.exe","eset_nod32_antivirus_live_installer.exe","mbam.exe","MbamPt.exe","mbamtray.exe","MBAMWsc.exe","MBAMService.exe","BootHelper.exe","eset_smart_security_premium_live_installer.exe","nortonsecurity.exe","NortonNSDownloader.exe","bdagent.exe","bdredline.exe","bdwxtag.exe","updatesrv.exe","ProductAgentService.exe","vsservp.exe","DevMgmtService.exe","seccenter.exe","ProductAgentUI.exe","delegate.exe","install.exe","uiWinMgr.exe","uiUpdateTray.exe","coreServiceShell.exe","coreFrameworkHost.exe","uiSeAgnt.exe","TpKnrres.exe","TisEzIns.exe","DrSDKCaller.exe","SentinelAgent.exe","SentinelBrowserNativeHost.exe","SentinelServiceHost.exe","SentinelStaticEngine.exe","SentinelStaticEngineScanner.exe","sfagent.exe","CarboniteUI.exe","CarboniteService.exe","bzdoinstall.exe","bztransmit64.exe","bzbui.exe","bzfilelist.exe","bzserv.exe","bztransmit.exe","rclone.exe","qBackup.exe","ReflectDLHT.exe","Reflect.exe","ReflectBin.exe","ReflectMonitor.exe","ReflectUI.exe","ReflectDLHF.exe","reflectdlfull.exe","idwutil_610.exe","ib_bglaunch.exe","ib_service.exe","ib_tray.exe","ib_win.exe","DbxSvc.exe","Dropbox.exe","OneDrive.exe","dropbox.exe","onedrive.exe","BoxSync.exe","SugarSync.exe","googledrivesync.exe","QBoxClient.exe","id_win.exe","id_service.exe","id_bglaunch.exe","id_tray.exe","id_idle_stat.exe","id_sync.exe","idwutil_600.exe","idevsutil.exe","DropboxUpdate.exe","DropboxInstaller.exe","GoogleDriveFS.exe","qw.exe","ONENOTE.EXE","ONENOTEM.EXE","GrammarlyForWindows.exe","GroundControl.exe","groundcontrolconsole.exe","nplastpass.exe","ryver.exe","git.exe","Stardraw Design 7.exe","Stardraw Updater.exe","FedEx Web Tools.exe","Accountable2You.exe","Wunderlist.exe","twist.exe","Skype.exe","SkypeHost.exe","SkypeBrowserHost.exe","EaseGuard.exe","SkypeApp.exe","EXCEL.EXE","AFMG Licence Manager.exe","vs_installer.exe","googleearth.exe","PLTHub.exe","AcroRd32.exe","readerdc_en_xa_cra_install.exe *32","timecamp.exe","vs_installershell.exe","vs_installerservice.exe","Chief Architect Premier X9.exe","AutodeskDesktopApp.exe","Fusion360.exe","QuickBooksMessaging.exe","FusionLauncher.exe","JohnDeere Data Manager.exe","fiddler.exe","Chief Architect Premier X10.exe","Adobe Desktop Service.exe","Adobe DEF Helper.exe","AdobeUpdateService.exe","trello.exe","EaseDataBaseUpdate.exe","readerdc_en_ka_crd_install.exe","WINWORD.EXE","Windows10UpgraderApp.exe","AdobeIPCBroker.exe","NeatImageCaptureWrapper.exe","Neat.exe","acad.exe","Printable Postage.exe","DymoPnpService.exe","MsMpEng.exe","NisSrv.exe","svchost.exe","SourceTree.exe","WinStore.App.exe","mintty.exe","DLMSession.exe","auctionflex.exe","Home designer pro 2018.exe","softplan.exe","vmwareplayer.exe","vmware-vmx.exe","vmplayer.exe","armsvc.exe","msvsmon.exe","PCST.exe","MyGeniusClient.exe","Home Designer Pro 2019.exe","CricutBridge4.exe","CricutLauncher4.exe","officeclicktorun.exe","nbrplay.exe","SPDownloadUtility.exe","brackets.exe","CodeHelper.exe","DX1.Win32.Bridge.exe","Dx1ForWindows10.exe","readerdc_en_xa_cra_install.exe","Local by Flywheel.exe","Local-Flywheel-WinNFSd.exe","DesktopDPO.exe","atom.exe","node.exe","GoogleEarthProSetup.exe","architect.exe","creator-ws.exe","updater-ws.exe","ws.exe","mysqld.exe","laragon.exe","LMI_Rescue.exe","Chief Architect Premier X11.exe","notebook.exe","php-cgi.exe","php.exe","TogglDesktop.exe","mysabre.exe","ubuntu.exe","wslhoste.exe","node","Putty.exe","MobaXterm.exe","devenv.exe","OUTLOOK.EXE","MailClient.exe *32","HxOutlook.exe","MailClient.exe","thunderbird.exe *32","thunderbird.exe","wlcomm.exe","wlmail.exe","Accordance.exe","AmazonGSDownloaderSetup.exe","AmazonGSDownloaderService.exe","AmazonGSDownloaderTray.exe","javaw.exe","jxbrowser-chromium.exe","streamer.exe","GoogleCrashHandler64.exe","GoogleCrashHandler.exe","x264-r2901-7d0ff22.exe","CSWebDownload.exe","flashplayer31pp_jd_install.exe","LSB.exe","setup-stub.exe","qbpatch2.exe","PVStudio.exe"]}