{"ConfiguredLists":[{"ListType":"Blacklist","RelativeListPath":"\/default\/adult_pornography\/rules.txt"},{"ListType":"Whitelist","RelativeListPath":"\/default\/whitelist\/rules.txt"},{"ListType":"Whitelist","RelativeListPath":"\/default\/manager_whitelist\/rules.txt"},{"ListType":"Blacklist","RelativeListPath":"\/default\/your_filter_is_working\/rules.txt"}],"UpdateFrequency":120,"PrimaryDns":"158.69.173.190","SecondaryDns":"8.8.8.8","CannotTerminate":false,"BlockInternet":false,"UseThreshold":false,"ThresholdLimit":0,"ThresholdTriggerPeriod":0,"ThresholdTimeoutPeriod":0,"BypassesPermitted":3,"BypassDuration":15,"NlpThreshold":0,"MaxTextTriggerScanningSize":3,"UpdateChannel":"Stable","BlacklistedApplications":[]}