{"ConfiguredLists":[{"ListType":"Blacklist","RelativeListPath":"\/default\/adult_abortion\/rules.txt"},{"ListType":"Blacklist","RelativeListPath":"\/default\/adult_child_inappropriate\/rules.txt"},{"ListType":"Blacklist","RelativeListPath":"\/default\/adult_gay_lesbian_bisexual\/rules.txt"},{"ListType":"Blacklist","RelativeListPath":"\/default\/adult_lingerie\/rules.txt"},{"ListType":"Blacklist","RelativeListPath":"\/default\/adult_nudity\/rules.txt"},{"ListType":"Blacklist","RelativeListPath":"\/default\/adult_pornography\/rules.txt"},{"ListType":"TextTrigger","RelativeListPath":"\/default\/adult_pornography\/triggers.txt"},{"ListType":"Blacklist","RelativeListPath":"\/default\/adult_r_rated\/rules.txt"},{"ListType":"Blacklist","RelativeListPath":"\/default\/adult_sex_education\/rules.txt"},{"ListType":"Blacklist","RelativeListPath":"\/default\/adult_sex_erotic\/rules.txt"},{"ListType":"Blacklist","RelativeListPath":"\/default\/entertainment_television\/rules.txt"}],"UpdateFrequency":120,"PrimaryDns":"","SecondaryDns":"","CannotTerminate":false,"BlockInternet":false,"UseThreshold":false,"ThresholdLimit":2,"ThresholdTriggerPeriod":1,"ThresholdTimeoutPeriod":5,"BypassesPermitted":5,"BypassDuration":30,"NlpThreshold":0,"MaxTextTriggerScanningSize":3,"UpdateChannel":"Stable","ReportLevel":0,"BlacklistedApplications":["midori.exe","iridium.exe","maxthon.exe","vivaldi.exe","brave.exe","iexplore.exe","MicrosoftEdge.exe","firefox.exe","chrome.exe","MicrosoftEdgeCP.exe","GoogleSearchUniversal.exe","SearchUI.exe","Program Files*\\Google\\chrome.exe","CloudVeil.exe"]}