{"ConfiguredLists":[{"ListType":"Blacklist","RelativeListPath":"\/default\/adult_abortion\/rules.txt"},{"ListType":"Blacklist","RelativeListPath":"\/default\/adult_child_inappropriate\/rules.txt"},{"ListType":"Blacklist","RelativeListPath":"\/default\/adult_gay_lesbian_bisexual\/rules.txt"},{"ListType":"Blacklist","RelativeListPath":"\/default\/adult_lingerie\/rules.txt"},{"ListType":"Blacklist","RelativeListPath":"\/default\/adult_nudity\/rules.txt"},{"ListType":"Blacklist","RelativeListPath":"\/default\/adult_pornography\/rules.txt"},{"ListType":"TextTrigger","RelativeListPath":"\/default\/adult_pornography\/triggers.txt"},{"ListType":"Blacklist","RelativeListPath":"\/default\/adult_profanity\/rules.txt"},{"ListType":"Blacklist","RelativeListPath":"\/default\/adult_r_rated\/rules.txt"},{"ListType":"Blacklist","RelativeListPath":"\/default\/adult_sex_education\/rules.txt"},{"ListType":"Blacklist","RelativeListPath":"\/default\/adult_sex_erotic\/rules.txt"},{"ListType":"Blacklist","RelativeListPath":"\/default\/criminal_child_abuse_images\/rules.txt"},{"ListType":"Blacklist","RelativeListPath":"\/default\/criminal_hacking\/rules.txt"},{"ListType":"Blacklist","RelativeListPath":"\/default\/criminal_hate_speech\/rules.txt"},{"ListType":"Blacklist","RelativeListPath":"\/default\/criminal_illegal_drugs\/rules.txt"},{"ListType":"Blacklist","RelativeListPath":"\/default\/criminal_other\/rules.txt"},{"ListType":"Blacklist","RelativeListPath":"\/default\/criminal_piracy_copyright_theft\/rules.txt"},{"ListType":"Blacklist","RelativeListPath":"\/default\/criminal_self_harm\/rules.txt"},{"ListType":"Blacklist","RelativeListPath":"\/default\/criminal_skills\/rules.txt"},{"ListType":"Blacklist","RelativeListPath":"\/default\/criminal_torrent_repository\/rules.txt"},{"ListType":"Blacklist","RelativeListPath":"\/default\/dynamic_social_networking\/rules.txt"},{"ListType":"Blacklist","RelativeListPath":"\/default\/entertainment_entertainment_news_celibrity\/rules.txt"},{"ListType":"Blacklist","RelativeListPath":"\/default\/entertainment_movies\/rules.txt"},{"ListType":"Blacklist","RelativeListPath":"\/default\/entertainment_music\/rules.txt"},{"ListType":"Blacklist","RelativeListPath":"\/default\/entertainment_streaming_downloadable_audio\/rules.txt"},{"ListType":"Blacklist","RelativeListPath":"\/default\/entertainment_streaming_downloadable_video\/rules.txt"},{"ListType":"Blacklist","RelativeListPath":"\/default\/entertainment_television\/rules.txt"},{"ListType":"Blacklist","RelativeListPath":"\/default\/fashion_body_art\/rules.txt"},{"ListType":"Blacklist","RelativeListPath":"\/default\/fashion_jewelry\/rules.txt"},{"ListType":"Blacklist","RelativeListPath":"\/default\/fashion_swimsuits\/rules.txt"},{"ListType":"Blacklist","RelativeListPath":"\/default\/hobbies_interests_radio\/rules.txt"},{"ListType":"Blacklist","RelativeListPath":"\/default\/hobbies_interests_video_computer_games\/rules.txt"},{"ListType":"Blacklist","RelativeListPath":"\/default\/lifestyle_dating_relationships\/rules.txt"},{"ListType":"Blacklist","RelativeListPath":"\/default\/lifestyle_divorce_support\/rules.txt"},{"ListType":"Blacklist","RelativeListPath":"\/default\/lifestyle_teens\/rules.txt"},{"ListType":"Blacklist","RelativeListPath":"\/default\/malicious_ad_fraud\/rules.txt"},{"ListType":"Blacklist","RelativeListPath":"\/default\/malicious_bot_net\/rules.txt"},{"ListType":"Blacklist","RelativeListPath":"\/default\/malicious_command_control_center\/rules.txt"},{"ListType":"Blacklist","RelativeListPath":"\/default\/malicious_compromised_links_to_malware\/rules.txt"},{"ListType":"Blacklist","RelativeListPath":"\/default\/malicious_malware_call_home\/rules.txt"},{"ListType":"Blacklist","RelativeListPath":"\/default\/malicious_malware_distribution_point\/rules.txt"},{"ListType":"Blacklist","RelativeListPath":"\/default\/malicious_phishing_fraud\/rules.txt"},{"ListType":"Blacklist","RelativeListPath":"\/default\/malicious_spam_urls\/rules.txt"},{"ListType":"Blacklist","RelativeListPath":"\/default\/malicious_spyware_questionable_software\/rules.txt"},{"ListType":"Blacklist","RelativeListPath":"\/default\/news_portal_search_image_search\/rules.txt"},{"ListType":"Blacklist","RelativeListPath":"\/default\/news_portal_search_magazines\/rules.txt"},{"ListType":"Blacklist","RelativeListPath":"\/default\/search_engines\/rules.txt"},{"ListType":"Blacklist","RelativeListPath":"\/default\/sports\/rules.txt"},{"ListType":"Blacklist","RelativeListPath":"\/default\/sports_auto_racing\/rules.txt"},{"ListType":"Blacklist","RelativeListPath":"\/default\/sports_baseball\/rules.txt"},{"ListType":"Blacklist","RelativeListPath":"\/default\/sports_boxing\/rules.txt"},{"ListType":"Blacklist","RelativeListPath":"\/default\/sports_cheerleading\/rules.txt"},{"ListType":"Blacklist","RelativeListPath":"\/default\/sports_football\/rules.txt"},{"ListType":"Blacklist","RelativeListPath":"\/default\/sports_golf\/rules.txt"},{"ListType":"Blacklist","RelativeListPath":"\/default\/sports_nascar_racing\/rules.txt"},{"ListType":"Blacklist","RelativeListPath":"\/default\/sports_pro_basketball\/rules.txt"},{"ListType":"Blacklist","RelativeListPath":"\/default\/sports_pro_ice_hockey\/rules.txt"},{"ListType":"Blacklist","RelativeListPath":"\/default\/sports_rodeo\/rules.txt"},{"ListType":"Blacklist","RelativeListPath":"\/default\/sports_world_soccer\/rules.txt"},{"ListType":"Whitelist","RelativeListPath":"\/default\/whitelist\/rules.txt"},{"ListType":"Whitelist","RelativeListPath":"\/default\/manager_whitelist\/rules.txt"},{"ListType":"Blacklist","RelativeListPath":"\/default\/google_video_blocking\/rules.txt"},{"ListType":"TextTrigger","RelativeListPath":"\/default\/en_amazon\/triggers.txt"},{"ListType":"TextTrigger","RelativeListPath":"\/default\/en_ebay\/triggers.txt"},{"ListType":"Blacklist","RelativeListPath":"\/default\/craigslist_personals\/rules.txt"},{"ListType":"Blacklist","RelativeListPath":"\/default\/backpage_personals\/rules.txt"},{"ListType":"Blacklist","RelativeListPath":"\/default\/your_filter_is_working\/rules.txt"},{"ListType":"BypassList","RelativeListPath":"\/default\/whitelist_vimeo_ref\/rules.txt"},{"ListType":"Whitelist","RelativeListPath":"\/default\/google_maps\/rules.txt"},{"ListType":"Whitelist","RelativeListPath":"\/default\/whitelist_for_relaxed_policy_videos\/rules.txt"},{"ListType":"BypassList","RelativeListPath":"\/default\/relaxed_policy_videos\/rules.txt"}],"UpdateFrequency":120,"PrimaryDns":"147.135.22.12","SecondaryDns":"","CannotTerminate":false,"BlockInternet":false,"UseThreshold":false,"ThresholdLimit":0,"ThresholdTriggerPeriod":0,"ThresholdTimeoutPeriod":0,"BypassesPermitted":3,"BypassDuration":15,"NlpThreshold":0,"MaxTextTriggerScanningSize":3,"UpdateChannel":"Stable","ReportLevel":0,"BlacklistedApplications":[],"WhitelistedApplications":[],"BlockedApplications":[]}